OBJECTID,FEATTYPE,NAME,PERENNIAL,FEATREL,ATTRREL,PLANACC,SOURCE,CREATED,RETIRED,PID,SYMBOL,FEATWIDTH,ORIENTATN,TEXTNOTE,Id,RefFID,StepID,SHAPE_Leng,SHAPE_Area,ORIG_FID,RASTERVALU,POINT_X,POINT_Y,rain_1mm,art_nat,ARRIVE_MCP
9233,Bore,,,1/01/1979,1/01/1979,100,GEOSCIENCE AUSTRALIA,5/09/2006,,0,11,0,0,,0,0,0,0,0,0,7,-1104746.818,-2116416.688,25.94765854,1,0
0,,,,,,0,,,,0,0,0,0,,0,9807,8,0,0,0,6,-1329526.866,-2232962.186,22.88221169,0,0
2410,Windpump,MIDGEE MIDGEE WELL,,1/01/1985,1/01/1985,100,GEOSCIENCE AUSTRALIA,5/09/2006,,0,434,0,0,,0,0,0,0,0,0,6,-1335822.495,-2232648.644,22.8090477,1,0
0,,,,,,0,,,,0,0,0,0,,0,9807,9,0,0,0,6,-1329861.651,-2232053.469,22.88221169,0,0
0,,,,,,0,,,,0,0,0,0,,0,9807,10,0,0,0,6,-1329866.215,-2231099.239,22.88221169,0,0
0,,,,,,0,,,,0,0,0,0,,0,21743,1,0,0,0,6,-1330019.63,-2230825.719,22.88221169,0,0
4563,Lake,,Perennial,4/06/2000,4/06/2000,100,GEOSCIENCE AUSTRALIA,5/09/2006,,3606031,10,0,0,,0,0,0,0.008421477,3.78505E-06,484,6,-1330142.641,-2230678.243,22.88221169,0,0
5320,Water Tank,CHINGEECHINCOOLA DAM,,1/01/1985,1/01/1985,100,GEOSCIENCE AUSTRALIA,5/09/2006,,0,86,0,0,,0,0,0,0,0,0,8,-1350738.564,-2230613.669,22.68686104,1,0
0,,,,,,0,,,,0,0,0,0,,0,32442,1,0,0,0,6,-1330248.46,-2230494.28,22.88221169,0,0
7324,Windpump,NANANAH WELL,,1/01/1985,1/01/1985,100,GEOSCIENCE AUSTRALIA,5/09/2006,,0,434,0,0,disused,0,0,0,0,0,0,6,-1324897.923,-2230425.545,22.88221169,1,0
0,,,,,,0,,,,0,0,0,0,,0,19386,1,0,0,0,6,-1330442.112,-2230159.305,22.88221169,0,0
0,,,,,,0,,,,0,0,0,0,,0,15217,1,0,0,0,6,-1330457.947,-2230043.492,22.88221169,0,0
0,,,,,,0,,,,0,0,0,0,,0,33380,5,0,0,0,6,-1330688.84,-2230039.224,22.88221169,0,0
0,,,,,,0,,,,0,0,0,0,,0,33933,1,0,0,0,6,-1330326.535,-2229967.652,22.88221169,0,0
0,,,,,,0,,,,0,0,0,0,,0,13532,1,0,0,0,6,-1329976.587,-2229892.194,22.88221169,0,0
0,,,,,,0,,,,0,0,0,0,,0,26542,1,0,0,0,6,-1329850.54,-2229700.612,22.88221169,0,2
0,,,,,,0,,,,0,0,0,0,,0,3129,1,0,0,0,6,-1330831.037,-2229629.302,22.88221169,0,0
13088,Lake,,Perennial,4/06/2000,4/06/2000,100,GEOSCIENCE AUSTRALIA,5/09/2006,,3596065,10,0,0,,0,0,0,0.00729397,1.50785E-06,2226,6,-1345584.044,-2229465.093,22.68686104,0,0
0,,,,,,0,,,,0,0,0,0,,0,14664,2,0,0,0,6,-1329120.037,-2229382.516,22.88221169,0,2
2744,Windpump,WATTLE WELL,,1/01/1985,1/01/1985,100,GEOSCIENCE AUSTRALIA,5/09/2006,,0,434,0,0,disused,0,0,0,0,0,0,8,-1354917.666,-2229324.66,22.52233505,1,0
0,,,,,,0,,,,0,0,0,0,,0,18569,1,0,0,0,6,-1329697.395,-2229310.631,22.88221169,0,2
0,,,,,,0,,,,0,0,0,0,,0,33380,4,0,0,0,6,-1331326.296,-2229306.086,22.88221169,0,0
55389,Water Tank,PURKA DAM,,1/01/1985,1/01/1985,100,GEOSCIENCE AUSTRALIA,5/09/2006,,0,86,0,0,,0,0,0,0,0,0,6,-1345970.89,-2229303.311,22.68686104,1,0
0,,,,,,0,,,,0,0,0,0,,0,24674,1,0,0,0,6,-1328577.318,-2228835.77,22.88221169,0,2
4748,Windpump,DEEP WELL,,1/01/1985,1/01/1985,100,GEOSCIENCE AUSTRALIA,5/09/2006,,0,434,0,0,,0,0,0,0,0,0,6,-1289053.944,-2228788.768,23.6535511,1,0
0,,,,,,0,,,,0,0,0,0,,0,3129,2,0,0,0,6,-1331320.226,-2228767.54,22.88221169,0,0
0,,,,,,0,,,,0,0,0,0,,0,3771,1,0,0,0,6,-1328504.712,-2228715.545,22.88221169,0,2
0,,,,,,0,,,,0,0,0,0,,0,18569,2,0,0,0,6,-1329113.138,-2228574.625,22.88221169,0,2
9061,Windpump,COONDRAGUNYAH WELL,,1/01/1985,1/01/1985,100,GEOSCIENCE AUSTRALIA,5/09/2006,,0,434,0,0,,0,0,0,0,0,0,6,-1311670.157,-2228514.177,23.1974144,1,0
0,,,,,,0,,,,0,0,0,0,,0,33380,3,0,0,0,6,-1331822.988,-2228470.013,22.88221169,0,0
2753,Windpump,WANGALEENA WELL,,1/01/1985,1/01/1985,100,GEOSCIENCE AUSTRALIA,5/09/2006,,0,434,0,0,,0,0,0,0,0,0,5,-1295215.646,-2228087.39,23.1366024,1,0
1763,Windpump,CAMEL WELL,,1/01/1985,1/01/1985,100,GEOSCIENCE AUSTRALIA,5/09/2006,,0,434,0,0,,0,0,0,0,0,0,5,-1251421.146,-2228059.905,24.36855507,1,0
1939,Windpump,LITTLE CATTLE WELL,,1/01/1985,1/01/1985,100,GEOSCIENCE AUSTRALIA,5/09/2006,,0,434,0,0,,0,0,0,0,0,0,6,-1335202.528,-2227970.095,22.8090477,1,0
450,Windpump,MUIRHEAD WELL,,1/01/1985,1/01/1985,100,GEOSCIENCE AUSTRALIA,5/09/2006,,0,434,0,0,disused,0,0,0,0,0,0,5,-1307562.686,-2227919.576,23.1974144,1,0
0,,,,,,0,,,,0,0,0,0,,0,3771,2,0,0,0,6,-1328115.606,-2227870.89,22.88221169,0,2
0,,,,,,0,,,,0,0,0,0,,0,3129,3,0,0,0,6,-1331721.505,-2227864.181,22.88221169,0,0
0,,,,,,0,,,,0,0,0,0,,0,18569,3,0,0,0,6,-1328755.402,-2227701.126,22.88221169,0,2
0,,,,,,0,,,,0,0,0,0,,0,33380,2,0,0,0,6,-1332341.241,-2227632.196,22.88221169,0,0
4088,Windpump,BIG CATTLE WELL,,1/01/1985,1/01/1985,100,GEOSCIENCE AUSTRALIA,5/09/2006,,0,434,0,0,,0,0,0,0,0,0,6,-1336337.001,-2227391.437,22.8090477,1,0
0,,,,,,0,,,,0,0,0,0,,0,3771,3,0,0,0,6,-1327285.769,-2227361.43,22.88221169,0,2
0,,,,,,0,,,,0,0,0,0,,0,31027,1,0,0,0,6,-1328407.556,-2227163.922,22.88221169,0,2
0,,,,,,0,,,,0,0,0,0,,0,3129,4,0,0,0,6,-1331970.705,-2226915.008,22.88221169,0,0
0,,,,,,0,,,,0,0,0,0,,0,377,1,0,0,0,6,-1332646.936,-2226683.651,22.88221169,0,0
0,,,,,,0,,,,0,0,0,0,,0,31027,2,0,0,0,6,-1327564.042,-2226643.944,22.88221169,0,2
8509,Windpump,PICKERANYAH WELL,,1/01/1985,1/01/1985,100,GEOSCIENCE AUSTRALIA,5/09/2006,,0,434,0,0,,0,0,0,0,0,0,6,-1322369.419,-2226431.347,23.06728363,1,0
0,,,,,,0,,,,0,0,0,0,,0,3771,4,0,0,0,6,-1327119.117,-2226421.021,22.88221169,0,2
9666,Windpump,FRESHWATER WELL,,1/01/1985,1/01/1985,100,GEOSCIENCE AUSTRALIA,5/09/2006,,0,434,0,0,abandoned,0,0,0,0,0,0,8,-1353112.477,-2226391.139,22.52233505,1,0
0,,,,,,0,,,,0,0,0,0,,0,30833,1,0,0,0,6,-1327226.76,-2226197.874,22.88221169,0,2
2871,Bore,KIMBERLEY BORE,,1/01/1985,1/01/1985,100,GEOSCIENCE AUSTRALIA,5/09/2006,,0,11,0,0,abandoned,0,0,0,0,0,0,6,-1312857.425,-2225977.885,23.1974144,1,0
0,,,,,,0,,,,0,0,0,0,,0,3129,5,0,0,0,6,-1332063.372,-2225953.966,22.88221169,0,0
0,,,,,,0,,,,0,0,0,0,,0,24482,1,0,0,0,6,-1332520.503,-2225748.488,22.88221169,0,0
0,,,,,,0,,,,0,0,0,0,,0,30833,2,0,0,0,6,-1327374.339,-2225240.272,22.90061569,0,2
0,,,,,,0,,,,0,0,0,0,,0,14033,3,0,0,0,6,-1332112.523,-2225141.93,22.90061569,0,0
0,,,,,,0,,,,0,0,0,0,,0,29616,1,0,0,0,6,-1327359.168,-2224847.149,22.90061569,0,2
0,,,,,,0,,,,0,0,0,0,,0,24482,2,0,0,0,6,-1332472.86,-2224763.563,22.90061569,0,0
5144,Windpump,SIX MILE WELL,,1/01/1985,1/01/1985,100,GEOSCIENCE AUSTRALIA,5/09/2006,,0,434,0,0,,0,0,0,0,0,0,6,-1323713.066,-2224759.035,22.90061569,1,0
7096,Windpump,IRRIMITE WELL,,1/01/1985,1/01/1985,100,GEOSCIENCE AUSTRALIA,5/09/2006,,0,434,0,0,,0,0,0,0,0,0,6,-1283824.276,-2224657.235,23.13407707,1,0
7656,Windpump,ISLAND WELL,,1/01/1985,1/01/1985,100,GEOSCIENCE AUSTRALIA,5/09/2006,,0,434,0,0,,0,0,0,0,0,0,6,-1334678.829,-2224507.013,22.88971138,1,0
0,,,,,,0,,,,0,0,0,0,,0,14033,2,0,0,0,6,-1332362.75,-2224198.107,22.90061569,0,0
0,,,,,,0,,,,0,0,0,0,,0,16397,1,0,0,0,6,-1332710.101,-2224022.295,22.90061569,0,0
4272,Windpump,DINGO WELL,,1/01/1985,1/01/1985,100,GEOSCIENCE AUSTRALIA,5/09/2006,,0,434,0,0,disused,0,0,0,0,0,0,5,-1302338.781,-2223981.116,22.97494698,1,0
0,,,,,,0,,,,0,0,0,0,,0,29616,2,0,0,0,6,-1327252.821,-2223946.971,22.90061569,0,2
7824,Windpump,DRIVE WELL,,1/01/1985,1/01/1985,100,GEOSCIENCE AUSTRALIA,5/09/2006,,0,434,0,0,disused,0,0,0,0,0,0,6,-1272079.159,-2223895.85,23.36167145,1,0
63118,Lake,SALT POOL,Perennial,4/06/2000,4/06/2000,100,GEOSCIENCE AUSTRALIA,5/09/2006,,3597005,10,0,0,,0,0,0,0.084190728,3.65677E-05,13026,6,-1327090.087,-2223740.978,22.90061569,0,2
606,Windpump,CORNER WELL,,1/01/1985,1/01/1985,100,GEOSCIENCE AUSTRALIA,5/09/2006,,0,434,0,0,,0,0,0,0,0,0,5,-1293801.387,-2223613.963,22.97494698,1,0
0,,,,,,0,,,,0,0,0,0,,0,23859,1,0,0,0,6,-1332841.699,-2223484.361,22.90061569,0,0
5340,Windpump,PAUNIA WELL,,1/01/1985,1/01/1985,100,GEOSCIENCE AUSTRALIA,5/09/2006,,0,434,0,0,,0,0,0,0,0,0,6,-1289284.618,-2223473.662,23.13407707,1,0
2301,Windpump,PERANYAH WELL,,1/01/1985,1/01/1985,100,GEOSCIENCE AUSTRALIA,5/09/2006,,0,434,0,0,disused,0,0,0,0,0,0,5,-1307524.729,-2223290.984,22.9989605,1,0
0,,,,,,0,,,,0,0,0,0,,0,4015,1,0,0,0,6,-1332668.28,-2223274.589,22.90061569,0,0
0,,,,,,0,,,,0,0,0,0,,0,40294,1,0,0,0,6,-1333077.217,-2223181.628,22.88971138,0,0
0,,,,,,0,,,,0,0,0,0,,0,29616,3,0,0,0,6,-1326869.716,-2223063.557,22.90061569,0,2
59030,Lake,,Perennial,4/06/2000,4/06/2000,100,GEOSCIENCE AUSTRALIA,5/09/2006,,3591970,10,0,0,,0,0,0,0.002895327,4.1895E-07,12547,5,-1294185.562,-2223000.498,22.97494698,0,0
7362,Windpump,MOONAGUNYAH WELL,,1/01/1985,1/01/1985,100,GEOSCIENCE AUSTRALIA,5/09/2006,,0,434,0,0,,0,0,0,0,0,0,6,-1312430.185,-2222770.641,22.9989605,1,0
0,,,,,,0,,,,0,0,0,0,,0,6553,1,0,0,0,6,-1332674.387,-2222736.318,22.90061569,0,0
4159,Windpump,FELIX WELL,,1/01/1985,1/01/1985,100,GEOSCIENCE AUSTRALIA,5/09/2006,,0,434,0,0,,0,0,0,0,0,0,6,-1313547.137,-2222600.905,23.00599861,1,0
0,,,,,,0,,,,0,0,0,0,,0,31046,1,0,0,0,6,-1332735.384,-2222566.935,22.90061569,0,0
0,,,,,,0,,,,0,0,0,0,,0,16827,1,0,0,0,6,-1333301.855,-2222561.404,22.88971138,0,0
8852,Bore,,,1/01/1985,1/01/1985,100,GEOSCIENCE AUSTRALIA,5/09/2006,,0,11,0,0,,0,0,0,0,0,0,5,-1307565.028,-2222502.403,22.9989605,1,0
0,,,,,,0,,,,0,0,0,0,,0,7116,1,0,0,0,6,-1326831.719,-2222118.871,22.90061569,0,2
12552,Bore,BROLGA BORE,,1/01/1985,1/01/1985,100,GEOSCIENCE AUSTRALIA,5/09/2006,,0,11,0,0,artesian,0,0,0,0,0,0,5,-1308143.48,-2221971.598,22.9989605,1,0
0,,,,,,0,,,,0,0,0,0,,0,17168,1,0,0,0,6,-1326848.483,-2221889.134,22.90061569,0,2
5783,Windpump,IXL WELL,,1/01/1985,1/01/1985,100,GEOSCIENCE AUSTRALIA,5/09/2006,,0,434,0,0,,0,0,0,0,0,0,5,-1265214.162,-2221815.901,23.36167145,1,0
0,,,,,,0,,,,0,0,0,0,,0,16827,2,0,0,0,6,-1333902.031,-2221764.842,22.88971138,0,0
0,,,,,,0,,,,0,0,0,0,,0,15807,2,0,0,0,6,-1333442.568,-2221626.616,22.88971138,0,0
1216,Lake,WELBURN POOL,Perennial,4/06/2000,4/06/2000,100,GEOSCIENCE AUSTRALIA,5/09/2006,,3595759,10,0,0,,0,0,0,0.063968869,2.0826E-05,82,6,-1333687.161,-2221336.708,22.88971138,0,0
8629,Windpump,THIRDENBURRA WELL,,1/01/1985,1/01/1985,100,GEOSCIENCE AUSTRALIA,5/09/2006,,0,434,0,0,,0,0,0,0,0,0,5,-1270080.695,-2221255.108,23.36167145,1,0
0,,,,,,0,,,,0,0,0,0,,0,16827,3,0,0,0,6,-1334414.775,-2220925.062,22.88971138,0,0
0,,,,,,0,,,,0,0,0,0,,0,17168,2,0,0,0,6,-1326844.721,-2220891.018,22.90061569,0,2
0,,,,,,0,,,,0,0,0,0,,0,15807,1,0,0,0,6,-1334094.569,-2220882.702,22.88971138,0,0
42636,Lake,,Perennial,4/06/2000,4/06/2000,100,GEOSCIENCE AUSTRALIA,5/09/2006,,3601493,10,0,0,,0,0,0,0.049598976,2.38125E-05,9762,6,-1326898.771,-2220872.228,22.90061569,0,2
4021,Windpump,LIME WELL,,1/01/1985,1/01/1985,100,GEOSCIENCE AUSTRALIA,5/09/2006,,0,434,0,0,disused,0,0,0,0,0,0,6,-1288078.88,-2220773.145,23.13407707,1,0
1762,Windpump,CHETNAR WELL,,1/01/1985,1/01/1985,100,GEOSCIENCE AUSTRALIA,5/09/2006,,0,434,0,0,,0,0,0,0,0,0,6,-1321341.079,-2220709.698,23.00599861,1,0
0,,,,,,0,,,,0,0,0,0,,0,116,1,0,0,0,6,-1326782.795,-2220437.047,22.90061569,0,2
14972,Bore,,,1/01/1985,1/01/1985,100,GEOSCIENCE AUSTRALIA,5/09/2006,,0,11,0,0,,0,0,0,0,0,0,6,-1314208.53,-2220385.013,23.00599861,1,0
0,,,,,,0,,,,0,0,0,0,,0,33646,1,0,0,0,6,-1334571.37,-2220200.746,22.88971138,0,0
19300,Bore,,,1/01/1985,1/01/1985,100,GEOSCIENCE AUSTRALIA,5/09/2006,,0,11,0,0,,0,0,0,0,0,0,6,-1279353.495,-2220170.273,23.19662666,1,0
0,,,,,,0,,,,0,0,0,0,,0,16827,4,0,0,0,6,-1334887.366,-2220092.289,22.88971138,0,0
0,,,,,,0,,,,0,0,0,0,,0,2566,1,0,0,0,6,-1334638.938,-2219914.653,22.88971138,0,0
0,,,,,,0,,,,0,0,0,0,,0,8314,2,0,0,0,6,-1334734.198,-2219817.924,22.88971138,0,0
12667,Bore,,,1/01/1985,1/01/1985,100,GEOSCIENCE AUSTRALIA,5/09/2006,,0,11,0,0,artesian,0,0,0,0,0,0,6,-1313649.228,-2219507.866,23.00599861,1,0
0,,,,,,0,,,,0,0,0,0,,0,116,2,0,0,0,6,-1326897.189,-2219446.32,22.90061569,0,2
0,,,,,,0,,,,0,0,0,0,,0,16827,5,0,0,0,8,-1334833.663,-2219113.424,22.88971138,0,0
6530,Bore,HOMESTEAD BORE,,1/01/1985,1/01/1985,100,GEOSCIENCE AUSTRALIA,5/09/2006,,0,11,0,0,,0,0,0,0,0,0,-9999,-1290385.545,-2218990.527,23.13407707,1,0
104597,Lake,,Perennial,4/06/2000,4/06/2000,100,GEOSCIENCE AUSTRALIA,5/09/2006,,3605095,10,0,0,,0,0,0,0.017635273,4.44175E-06,22087,9,-1327351.783,-2218960.976,22.90061569,0,2
0,,,,,,0,,,,0,0,0,0,,0,8314,1,0,0,0,8,-1334728.581,-2218880.645,22.88971138,0,0
2144,Lake,YEGIN POOL,Perennial,4/06/2000,4/06/2000,100,GEOSCIENCE AUSTRALIA,5/09/2006,,3532514,10,0,0,,0,0,0,0.008022145,1.9011E-06,527,8,-1334604.288,-2218786.793,22.88971138,0,0
2626,Windpump,NORDLAH WELL,,1/01/1985,1/01/1985,100,GEOSCIENCE AUSTRALIA,5/09/2006,,0,434,0,0,disused,0,0,0,0,0,0,-9999,-1296605.135,-2218780.318,22.97494698,1,0
0,,,,,,0,,,,0,0,0,0,,0,116,3,0,0,0,9,-1327533.599,-2218684.829,22.90061569,0,2
0,,,,,,0,,,,0,0,0,0,,0,17545,1,0,0,0,8,-1334479.995,-2218564.911,22.88971138,0,0
9728,Bore,DEAD DOG BORE,,1/01/1985,1/01/1985,100,GEOSCIENCE AUSTRALIA,5/09/2006,,0,11,0,0,,0,0,0,0,0,0,-9999,-1301043.728,-2218331.838,22.97494698,1,0
7323,Windpump,GUNNER WELL,,1/01/1985,1/01/1985,100,GEOSCIENCE AUSTRALIA,5/09/2006,,0,434,0,0,,0,0,0,0,0,0,-9999,-1289197.349,-2218306.95,23.13407707,1,0
3639,Windpump,FREDS WELL,,1/01/1985,1/01/1985,100,GEOSCIENCE AUSTRALIA,5/09/2006,,0,434,0,0,,0,0,0,0,0,0,-9999,-1308795.015,-2218291.375,22.9989605,1,0
0,,,,,,0,,,,0,0,0,0,,0,26721,1,0,0,0,8,-1332973.606,-2218228.636,22.90061569,0,0
0,,,,,,0,,,,0,0,0,0,,0,14078,1,0,0,0,9,-1329769.896,-2218090.79,22.90061569,0,0
22524,Waterhole,,Perennial,1/01/1985,1/01/1985,100,GEOSCIENCE AUSTRALIA,5/09/2006,,8390412,81,0,0,waterholes,0,0,0,0,0,0,8,-1332689.715,-2218075.956,22.90061569,0,0
9274,Waterhole,YEGIN POOL,Perennial,1/01/1985,1/01/1985,100,GEOSCIENCE AUSTRALIA,5/09/2006,,8389356,81,0,0,,0,0,0,0,0,0,8,-1333806.907,-2218058.828,22.88971138,0,0
0,,,,,,0,,,,0,0,0,0,,0,8910,1,0,0,0,8,-1333712.943,-2218035.943,22.88971138,0,0
6325,Windpump,BILLABONG WELL,,1/01/1985,1/01/1985,100,GEOSCIENCE AUSTRALIA,5/09/2006,,0,434,0,0,disused,0,0,0,0,0,0,-9999,-1302606.215,-2218035.097,22.97494698,1,0
0,,,,,,0,,,,0,0,0,0,,0,116,4,0,0,0,9,-1327711.294,-2217706.66,22.90061569,0,2
0,,,,,,0,,,,0,0,0,0,,0,26721,2,0,0,0,8,-1332155.988,-2217672.775,22.90061569,0,0
0,,,,,,0,,,,0,0,0,0,,0,8507,1,0,0,0,8,-1330987.303,-2217607.272,22.90061569,0,0
0,,,,,,0,,,,0,0,0,0,,0,35235,1,0,0,0,9,-1330468.81,-2217602.089,22.90061569,0,0
0,,,,,,0,,,,0,0,0,0,,0,14078,2,0,0,0,9,-1328925.186,-2217593.351,22.90061569,0,0
9036,Waterhole,,Perennial,1/01/1985,1/01/1985,100,GEOSCIENCE AUSTRALIA,5/09/2006,,8388402,81,0,0,,0,0,0,0,0,0,8,-1331258.366,-2217565.226,22.90061569,0,0
0,,,,,,0,,,,0,0,0,0,,0,7812,1,0,0,0,8,-1331884.02,-2217545.451,22.90061569,0,0
105676,Lake,,Perennial,4/06/2000,4/06/2000,100,GEOSCIENCE AUSTRALIA,5/09/2006,,3537254,10,0,0,,0,0,0,0.027685381,1.25685E-05,22035,9,-1327801.036,-2217505.214,22.90061569,0,2
0,,,,,,0,,,,0,0,0,0,,0,19769,2,0,0,0,9,-1330262.104,-2217426.421,22.90061569,0,0
8048,Windpump,,,1/01/1985,1/01/1985,100,GEOSCIENCE AUSTRALIA,5/09/2006,,0,434,0,0,,0,0,0,0,0,0,-9999,-1304495.894,-2217232.041,22.9989605,1,0
2298,Windpump,STEEL STAR WELL,,1/01/1985,1/01/1985,100,GEOSCIENCE AUSTRALIA,5/09/2006,,0,434,0,0,disused,0,0,0,0,0,0,7,-1263020.864,-2217126.228,23.69573975,1,0
0,,,,,,0,,,,0,0,0,0,,0,3732,2,0,0,0,9,-1329357.313,-2216959.971,22.90061569,0,0
0,,,,,,0,,,,0,0,0,0,,0,19769,1,0,0,0,9,-1329550.734,-2216949.773,22.90061569,0,0
570,Windpump,7 MILE WELL,,1/01/1985,1/01/1985,100,GEOSCIENCE AUSTRALIA,5/09/2006,,0,434,0,0,,0,0,0,0,0,0,9,-1312332.242,-2216787.284,22.9989605,1,0
0,,,,,,0,,,,0,0,0,0,,0,116,5,0,0,0,9,-1327612.3,-2216742.119,22.90061569,0,2
0,,,,,,0,,,,0,0,0,0,,0,34707,1,0,0,0,9,-1327614.404,-2216735.28,22.90061569,0,2
0,,,,,,0,,,,0,0,0,0,,0,14078,3,0,0,0,9,-1328570.784,-2216690.694,22.90061569,0,0
7631,Windpump,TOMMY WELL,,1/01/1985,1/01/1985,100,GEOSCIENCE AUSTRALIA,5/09/2006,,0,434,0,0,disused,0,0,0,0,0,0,7,-1270162.604,-2216687.73,23.36167145,1,0
7322,Windpump,TOBUNDAHGUNYAH WELL,,1/01/1985,1/01/1985,100,GEOSCIENCE AUSTRALIA,5/09/2006,,0,434,0,0,disused,0,0,0,0,0,0,-9999,-1284841.466,-2216655.097,23.13407707,1,0
4156,Windpump,WILEYS WELL,,1/01/1985,1/01/1985,100,GEOSCIENCE AUSTRALIA,5/09/2006,,0,434,0,0,disused,0,0,0,0,0,0,-9999,-1310021.964,-2216558.415,22.9989605,1,0
577,Windpump,MINDRENOOKA WELL,,1/01/1985,1/01/1985,100,GEOSCIENCE AUSTRALIA,5/09/2006,,0,434,0,0,,0,0,0,0,0,0,7,-1266319.824,-2216518.424,23.36167145,1,0
0,,,,,,0,,,,0,0,0,0,,0,3732,1,0,0,0,9,-1328696.231,-2216497.305,22.90061569,0,0
0,,,,,,0,,,,0,0,0,0,,0,3868,1,0,0,0,0,-1293080.805,-2216298.53,22.97494698,0,0
5542,Windpump,BANNINGARRA WELL,,1/01/1985,1/01/1985,100,GEOSCIENCE AUSTRALIA,5/09/2006,,0,434,0,0,,0,0,0,0,0,0,-9999,-1287831.792,-2216005.824,23.13407707,1,0
5215,Windpump,WARREARRAN WELL,,1/01/1985,1/01/1985,100,GEOSCIENCE AUSTRALIA,5/09/2006,,0,434,0,0,disused,0,0,0,0,0,0,9,-1324250.443,-2215917.62,22.90061569,1,0
603,Windpump,PARDOO WELL,,1/01/1985,1/01/1985,100,GEOSCIENCE AUSTRALIA,5/09/2006,,0,434,0,0,disused,0,0,0,0,0,0,-9999,-1297887.55,-2215769.823,22.97494698,1,0
4446,Windpump,DESERT WELL,,1/01/1985,1/01/1985,100,GEOSCIENCE AUSTRALIA,5/09/2006,,0,434,0,0,,0,0,0,0,0,0,7,-1252685.155,-2215597.566,23.85287666,1,0
449,Windpump,PETERS WELL,,1/01/1985,1/01/1985,100,GEOSCIENCE AUSTRALIA,5/09/2006,,0,434,0,0,disused,0,0,0,0,0,0,-9999,-1278440.586,-2215551.402,23.00803185,1,0
4595,Windpump,ILLGARENE WELL,,1/01/1985,1/01/1985,100,GEOSCIENCE AUSTRALIA,5/09/2006,,0,434,0,0,disused,0,0,0,0,0,0,-9999,-1304993.141,-2215212.2,22.95436096,1,0
0,,,,,,0,,,,0,0,0,0,,0,31112,3,0,0,0,8,-1332135.747,-2214528.796,22.97064972,0,0
7361,Windpump,SALT WELL,,1/01/1985,1/01/1985,100,GEOSCIENCE AUSTRALIA,5/09/2006,,0,434,0,0,disused,0,0,0,0,0,0,-9999,-1278570.885,-2214115.698,23.00803185,1,0
0,,,,,,0,,,,0,0,0,0,,0,31112,2,0,0,0,8,-1332850.25,-2213849.991,22.97064972,0,0
9513,Windpump,URABLEANGAH WELL,,1/01/1985,1/01/1985,100,GEOSCIENCE AUSTRALIA,5/09/2006,,0,434,0,0,disused,0,0,0,0,0,0,9,-1311588,-2213634.204,22.95436096,1,0
12649,Bore,MYADEE SPRING WELL,,1/01/1985,1/01/1985,100,GEOSCIENCE AUSTRALIA,5/09/2006,,0,11,0,0,,0,0,0,0,0,0,-9999,-1271199.748,-2213465.066,23.01557732,1,0
12697,Bore,ANGIES BORE,,1/01/1985,1/01/1985,100,GEOSCIENCE AUSTRALIA,5/09/2006,,0,11,0,0,,0,0,0,0,0,0,-9999,-1306953.931,-2213450.85,22.95436096,1,0
0,,,,,,0,,,,0,0,0,0,,0,28227,1,0,0,0,8,-1333679.948,-2213419.189,22.88892365,0,0
3080,Windpump,DOOGIEDONGERNER WELL,,1/01/1985,1/01/1985,100,GEOSCIENCE AUSTRALIA,5/09/2006,,0,434,0,0,,0,0,0,0,0,0,-9999,-1298963.574,-2213385.305,22.94320869,1,0
0,,,,,,0,,,,0,0,0,0,,0,13381,2,0,0,0,8,-1334240.762,-2213132.661,22.88892365,0,0
0,,,,,,0,,,,0,0,0,0,,0,13381,1,0,0,0,8,-1335065.785,-2212589.727,22.88892365,0,0
17656,Bore,GOVERNMENT BORE,,1/01/1985,1/01/1985,100,GEOSCIENCE AUSTRALIA,5/09/2006,,0,11,0,0,,0,0,0,0,0,0,-9999,-1271275.953,-2212551.628,23.01557732,1,0
5145,Windpump,NOBA WELL,,1/01/1985,1/01/1985,100,GEOSCIENCE AUSTRALIA,5/09/2006,,0,434,0,0,,0,0,0,0,0,0,-9999,-1272275.263,-2211349.194,23.01557732,1,0
0,,,,,,0,,,,0,0,0,0,,0,27104,1,0,0,0,8,-1333417.537,-2211097.942,22.88892365,0,0
8628,Windpump,,,1/01/1985,1/01/1985,100,GEOSCIENCE AUSTRALIA,5/09/2006,,0,434,0,0,,0,0,0,0,0,0,-9999,-1271234.245,-2211046.96,23.01557732,1,0
0,,,,,,0,,,,0,0,0,0,,0,27358,2,0,0,0,0,-1301673.655,-2210883.94,22.94320869,0,0
21669,Water Tank,,,1/01/1985,1/01/1985,100,GEOSCIENCE AUSTRALIA,5/09/2006,,0,86,0,0,,0,0,0,0,0,0,9,-1324537.451,-2210621.359,22.97064972,1,0
0,,,,,,0,,,,0,0,0,0,,0,27358,1,0,0,0,0,-1301011.76,-2210439.323,22.94320869,0,0
2416,Windpump,,,1/01/1985,1/01/1985,100,GEOSCIENCE AUSTRALIA,5/09/2006,,0,434,0,0,,0,0,0,0,0,0,9,-1323248.354,-2210280.116,22.97064972,1,0
0,,,,,,0,,,,0,0,0,0,,0,27104,2,0,0,0,8,-1333901.69,-2210252.928,22.88892365,0,0
0,,,,,,0,,,,0,0,0,0,,0,1769,1,0,0,0,8,-1342334.012,-2210012.537,22.88892365,0,0
0,,,,,,0,,,,0,0,0,0,,0,39426,1,0,0,0,9,-1313113.607,-2209973.131,23.02617073,0,0
0,,,,,,0,,,,0,0,0,0,,0,36926,2,0,0,0,8,-1337025.075,-2209954.253,22.88892365,0,0
0,,,,,,0,,,,0,0,0,0,,0,21457,1,0,0,0,8,-1334343.778,-2209615.222,22.88892365,0,0
0,,,,,,0,,,,0,0,0,0,,0,7545,1,0,0,0,9,-1313111.543,-2209571.706,23.02617073,0,0
0,,,,,,0,,,,0,0,0,0,,0,36926,1,0,0,0,8,-1336601.917,-2209318.728,22.88892365,0,0
0,,,,,,0,,,,0,0,0,0,,0,8776,1,0,0,0,8,-1334317.642,-2209126.377,22.88892365,0,0
0,,,,,,0,,,,0,0,0,0,,0,1769,2,0,0,0,8,-1342390.614,-2209059.667,22.88892365,0,0
3638,Windpump,CONDON WELL,,1/01/1985,1/01/1985,100,GEOSCIENCE AUSTRALIA,5/09/2006,,0,434,0,0,,0,0,0,0,0,0,9,-1315989.444,-2208915.241,23.02617073,1,0
572,Bore,CONDINA BORE,,1/01/1985,1/01/1985,100,GEOSCIENCE AUSTRALIA,5/09/2006,,0,11,0,0,,0,0,0,0,0,0,9,-1323930.035,-2208791.343,22.97064972,1,0
4993,Windpump,WARRADOO WELL,,1/01/1979,1/01/1979,100,GEOSCIENCE AUSTRALIA,5/09/2006,,0,434,0,0,,0,0,0,0,0,0,6,-1210584.971,-2208650.373,24.45086861,1,0
0,,,,,,0,,,,0,0,0,0,,0,37477,2,0,0,0,9,-1326911.835,-2208126.436,22.97064972,0,0
0,,,,,,0,,,,0,0,0,0,,0,26058,1,0,0,0,0,-1273703.972,-2208087.526,23.00803185,0,0
9020,Windpump,NO 2 DESERT WELL,,1/01/1979,1/01/1979,100,GEOSCIENCE AUSTRALIA,5/09/2006,,0,434,0,0,disused,0,0,0,0,0,0,6,-1198860.496,-2207973.669,24.25861168,1,0
0,,,,,,0,,,,0,0,0,0,,0,2235,1,0,0,0,8,-1341639.665,-2207945.845,22.88892365,0,0
7240,Windpump,JIMMYS WELL,,1/01/1985,1/01/1985,100,GEOSCIENCE AUSTRALIA,5/09/2006,,0,434,0,0,,0,0,0,0,0,0,7,-1267840.84,-2207629.993,23.01557732,1,0
0,,,,,,0,,,,0,0,0,0,,0,2235,2,0,0,0,8,-1341397.187,-2207453.938,22.88892365,0,0
0,,,,,,0,,,,0,0,0,0,,0,37477,1,0,0,0,9,-1327099.848,-2207312.537,22.97064972,0,0
2300,Windpump,CENTIPEDE WELL,,1/01/1985,1/01/1985,100,GEOSCIENCE AUSTRALIA,5/09/2006,,0,434,0,0,disused,0,0,0,0,0,0,6,-1248271.61,-2206825.882,23.52217293,1,0
5759,Windpump,SLAB WELL,,1/01/1979,1/01/1979,100,GEOSCIENCE AUSTRALIA,5/09/2006,,0,434,0,0,disused,0,0,0,0,0,0,6,-1240949.403,-2206744.446,23.7960701,1,0
10572,Bore,POINT BORE,,1/01/1985,1/01/1985,100,GEOSCIENCE AUSTRALIA,5/09/2006,,0,11,0,0,disused,0,0,0,0,0,0,-9999,-1271088.589,-2205184.962,22.94382668,1,0
3390,Windpump,NIPPER WELL,,1/01/1985,1/01/1985,100,GEOSCIENCE AUSTRALIA,5/09/2006,,0,434,0,0,,0,0,0,0,0,0,7,-1262044.236,-2204399.563,23.07949066,1,0
448,Windpump,HARDY WELL,,1/01/1985,1/01/1985,100,GEOSCIENCE AUSTRALIA,5/09/2006,,0,434,0,0,,0,0,0,0,0,0,7,-1256151.133,-2204236.063,23.07949066,1,0
2713,Windpump,COOTENBRAND WELL,,1/01/1985,1/01/1985,100,GEOSCIENCE AUSTRALIA,5/09/2006,,0,434,0,0,,0,0,0,0,0,0,7,-1268724.332,-2203965.11,22.94382668,1,0
2944,Bore,,,1/01/1985,1/01/1985,100,GEOSCIENCE AUSTRALIA,5/09/2006,,0,11,0,0,,0,0,0,0,0,0,7,-1252997.853,-2203957.56,23.32545853,1,0
1528,Windpump,COAST WELL,,1/01/1985,1/01/1985,100,GEOSCIENCE AUSTRALIA,5/09/2006,,0,434,0,0,,0,0,0,0,0,0,7,-1265619.708,-2203688.27,22.94382668,1,0
0,,,,,,0,,,,0,0,0,0,,0,15305,1,0,0,0,0,-1273976.951,-2203529.585,23.0356884,0,0
0,,,,,,0,,,,0,0,0,0,,0,1931,1,0,0,0,0,-1273342.935,-2203156.929,23.0356884,0,0
2297,Windpump,NEW COOTENBRAND WELL,,1/01/1985,1/01/1985,100,GEOSCIENCE AUSTRALIA,5/09/2006,,0,434,0,0,,0,0,0,0,0,0,7,-1267851.42,-2203036.948,22.94382668,1,0
6715,Windpump,COORAGOORA BORE,,1/01/1979,1/01/1979,100,GEOSCIENCE AUSTRALIA,5/09/2006,,0,434,0,0,disused,0,0,0,0,0,0,6,-1221604.557,-2202977.145,23.63210106,1,0
7224,Bore,SHED BORE,,1/01/1985,1/01/1985,100,GEOSCIENCE AUSTRALIA,5/09/2006,,0,0,0,0,,0,0,0,0,0,0,7,-1255902.723,-2202121.276,23.07949066,1,0
7496,Windpump,OUTCAMP WELL,,1/01/1985,1/01/1985,100,GEOSCIENCE AUSTRALIA,5/09/2006,,0,434,0,0,,0,0,0,0,0,0,7,-1255905.321,-2201928.266,23.07949066,1,0
7265,Windpump,MEETYOU WELL,,1/01/1985,1/01/1985,100,GEOSCIENCE AUSTRALIA,5/09/2006,,0,434,0,0,,0,0,0,0,0,0,7,-1260514.296,-2201684.491,23.07949066,1,0
574,Windpump,OPEN CUT WELL,,1/01/1985,1/01/1985,100,GEOSCIENCE AUSTRALIA,5/09/2006,,0,434,0,0,,0,0,0,0,0,0,7,-1253550.239,-2201248.376,23.07949066,1,0
3761,Windpump,WONGALIE WELL,,1/01/1979,1/01/1979,100,GEOSCIENCE AUSTRALIA,5/09/2006,,0,434,0,0,disused,0,0,0,0,0,0,6,-1238580.112,-2200549.978,22.9547863,1,0
604,Windpump,LAMB WELL,,1/01/1985,1/01/1985,100,GEOSCIENCE AUSTRALIA,5/09/2006,,0,434,0,0,,0,0,0,0,0,0,6,-1249392.125,-2200499.343,23.32545853,1,0
5214,Windpump,FENCE CAMP WELL,,1/01/1985,1/01/1985,100,GEOSCIENCE AUSTRALIA,5/09/2006,,0,434,0,0,,0,0,0,0,0,0,7,-1256747.785,-2200206.308,23.07949066,1,0
9122,Windpump,WALLANIE WELL,,1/01/1979,1/01/1979,100,GEOSCIENCE AUSTRALIA,5/09/2006,,0,434,0,0,,0,0,0,0,0,0,6,-1241936.991,-2200078.931,22.9547863,1,0
6030,Windpump,CLAYPAN WELL,,1/01/1979,1/01/1979,100,GEOSCIENCE AUSTRALIA,5/09/2006,,0,434,0,0,,0,0,0,0,0,0,6,-1241305.066,-2199943.771,22.9547863,1,0
214,Bore,MULYEGAL WELL,,1/01/1979,1/01/1979,100,GEOSCIENCE AUSTRALIA,5/09/2006,,0,11,0,0,,0,0,0,0,0,0,6,-1211807.984,-2199344.713,24.02644157,1,0
8255,Windpump,BOSS WELL,,1/01/1985,1/01/1985,100,GEOSCIENCE AUSTRALIA,5/09/2006,,0,434,0,0,,0,0,0,0,0,0,7,-1251229.26,-2199307.688,23.32545853,1,0
1507,Windpump,MULLAMULLAJONG BORE,,1/01/1979,1/01/1979,100,GEOSCIENCE AUSTRALIA,5/09/2006,,0,434,0,0,,0,0,0,0,0,0,-9999,-1235525.571,-2198253.286,22.9547863,1,0
7341,Windpump,NOONAN WELL,,1/01/1979,1/01/1979,100,GEOSCIENCE AUSTRALIA,5/09/2006,,0,434,0,0,,0,0,0,0,0,0,-9999,-1246468.958,-2197921.999,23.32545853,1,0
2805,Windpump,CHARLEYMIA WELL,,1/01/1979,1/01/1979,100,GEOSCIENCE AUSTRALIA,5/09/2006,,0,434,0,0,,0,0,0,0,0,0,-9999,-1243825.619,-2197315.147,23.32545853,1,0
63,Windpump,EYARRAMULGARRA BORE,,1/01/1979,1/01/1979,100,GEOSCIENCE AUSTRALIA,5/09/2006,,0,434,0,0,,0,0,0,0,0,0,7,-1189896.571,-2196879.306,23.98885155,1,0
2742,Windpump,GUDGERIE BORE,,1/01/1979,1/01/1979,100,GEOSCIENCE AUSTRALIA,5/09/2006,,0,434,0,0,,0,0,0,0,0,0,5,-1205113.873,-2196869.433,24.02644157,1,0
7779,Windpump,TELYGEL WELL,,1/01/1979,1/01/1979,100,GEOSCIENCE AUSTRALIA,5/09/2006,,0,434,0,0,,0,0,0,0,0,0,-9999,-1240627.733,-2196816.644,22.9547863,1,0
2472,Windpump,ENINGARRA WELL,,1/01/1979,1/01/1979,100,GEOSCIENCE AUSTRALIA,5/09/2006,,0,434,0,0,,0,0,0,0,0,0,-9999,-1231183.911,-2196428.661,23.18048859,1,0
1614,Windpump,WALLALLA BORE,,1/01/1979,1/01/1979,100,GEOSCIENCE AUSTRALIA,5/09/2006,,0,434,0,0,,0,0,0,0,0,0,-9999,-1227199.413,-2196230.057,23.18048859,1,0
277,Windpump,WALLANI BORE,,1/01/1979,1/01/1979,100,GEOSCIENCE AUSTRALIA,5/09/2006,,0,434,0,0,,0,0,0,0,0,0,-9999,-1237851.528,-2195937.246,22.9547863,1,0
4137,Windpump,COORAGOORA WELL,,1/01/1979,1/01/1979,100,GEOSCIENCE AUSTRALIA,5/09/2006,,0,434,0,0,,0,0,0,0,0,0,-9999,-1222382.882,-2195772.753,23.63210106,1,0
8399,Water Tank,,,1/01/1979,1/01/1979,100,GEOSCIENCE AUSTRALIA,5/09/2006,,0,86,0,0,,0,0,0,0,0,0,5,-1198422.873,-2194639.266,23.50337982,1,0
278,Windpump,SUSSAGUS BORE,,1/01/1979,1/01/1979,100,GEOSCIENCE AUSTRALIA,5/09/2006,,0,434,0,0,,0,0,0,0,0,0,5,-1198582.573,-2194365.623,23.50337982,1,0
2961,Windpump,MURANMUL WELL,,1/01/1979,1/01/1979,100,GEOSCIENCE AUSTRALIA,5/09/2006,,0,434,0,0,abandoned,0,0,0,0,0,0,-9999,-1225340.498,-2194229.964,22.96157455,1,0
14261,Bore,WALLAL BORE,,1/01/1979,1/01/1979,100,GEOSCIENCE AUSTRALIA,5/09/2006,,0,11,0,0,,0,0,0,0,0,0,-9999,-1232009.677,-2194175.741,22.96157455,1,0
3854,Windpump,WARRANGUL WELL,,1/01/1979,1/01/1979,100,GEOSCIENCE AUSTRALIA,5/09/2006,,0,434,0,0,abandoned,0,0,0,0,0,0,-9999,-1228865.57,-2193812.476,22.96157455,1,0
1758,Windpump,MURRIN WELL,,1/01/1979,1/01/1979,100,GEOSCIENCE AUSTRALIA,5/09/2006,,0,434,0,0,,0,0,0,0,0,0,-9999,-1225695.022,-2193791.474,22.96157455,1,0
518,Windpump,NGOOBA WELL,,1/01/1979,1/01/1979,100,GEOSCIENCE AUSTRALIA,5/09/2006,,0,434,0,0,abandoned,0,0,0,0,0,0,-9999,-1219719.316,-2193490.534,23.10288048,1,0
62,Windpump,EMILYWAH BORE,,1/01/1979,1/01/1979,100,GEOSCIENCE AUSTRALIA,5/09/2006,,0,434,0,0,,0,0,0,0,0,0,-9999,-1216562.841,-2193342.352,23.10288048,1,0
8486,Windpump,NGOOBA WELL,,1/01/1979,1/01/1979,100,GEOSCIENCE AUSTRALIA,5/09/2006,,0,434,0,0,,0,0,0,0,0,0,-9999,-1221434.901,-2193181.691,23.10288048,1,0
82,Windpump,WARREE BORE,,1/01/1979,1/01/1979,100,GEOSCIENCE AUSTRALIA,5/09/2006,,0,434,0,0,,0,0,0,0,0,0,-9999,-1213587.101,-2192615.178,23.10288048,1,0
18900,Bore,SHOONTA WELL,,1/01/1979,1/01/1979,100,GEOSCIENCE AUSTRALIA,5/09/2006,,0,11,0,0,,0,0,0,0,0,0,-9999,-1234394.371,-2192171.841,22.96688271,1,0
7939,Windpump,OUTCAMP WELL,,1/01/1979,1/01/1979,100,GEOSCIENCE AUSTRALIA,5/09/2006,,0,434,0,0,,0,0,0,0,0,0,-9999,-1231990.702,-2192149.31,22.96157455,1,0
5876,Windpump,NGOOBA BORE,,1/01/1979,1/01/1979,100,GEOSCIENCE AUSTRALIA,5/09/2006,,0,434,0,0,,0,0,0,0,0,0,-9999,-1223806.4,-2192129.572,22.96157455,1,0
1291,Windpump,BOTTOM WELL,,1/01/1979,1/01/1979,100,GEOSCIENCE AUSTRALIA,5/09/2006,,0,434,0,0,,0,0,0,0,0,0,-9999,-1216867.7,-2190521.788,23.10288048,1,0
345,Windpump,COORAIDEGEL WELL,,1/01/1979,1/01/1979,100,GEOSCIENCE AUSTRALIA,5/09/2006,,0,434,0,0,,0,0,0,0,0,0,5,-1208220.582,-2190270.475,23.32155418,1,0
3385,Windpump,CALGARY BORE,,1/01/1979,1/01/1979,100,GEOSCIENCE AUSTRALIA,5/09/2006,,0,434,0,0,,0,0,0,0,0,0,7,-1179049.884,-2190107.912,24.18656349,1,0
3034,Windpump,LOUIS WELL,,1/01/1979,1/01/1979,100,GEOSCIENCE AUSTRALIA,5/09/2006,,0,434,0,0,,0,0,0,0,0,0,-9999,-1219310.33,-2189776.927,23.10288048,1,0
5374,Windpump,EYARRAMULGARRA WELL,,1/01/1979,1/01/1979,100,GEOSCIENCE AUSTRALIA,5/09/2006,,0,434,0,0,,0,0,0,0,0,0,7,-1190550.261,-2189061.008,23.68918419,1,0
3994,Windpump,COAST WELL,,1/01/1979,1/01/1979,100,GEOSCIENCE AUSTRALIA,5/09/2006,,0,434,0,0,,0,0,0,0,0,0,-9999,-1215769.742,-2187516.905,23.10288048,1,0
5248,Windpump,CURGEN CURGEN WELL,,1/01/1979,1/01/1979,100,GEOSCIENCE AUSTRALIA,5/09/2006,,0,434,0,0,,0,0,0,0,0,0,-9999,-1212503.707,-2186961.167,23.32155418,1,0
6716,Windpump,LUNGARA BORE,,1/01/1979,1/01/1979,100,GEOSCIENCE AUSTRALIA,5/09/2006,,0,434,0,0,,0,0,0,0,0,0,5,-1198851.041,-2186080.927,23.50337982,1,0
4456,Windpump,CURGEN CURGEN WELL,,1/01/1979,1/01/1979,100,GEOSCIENCE AUSTRALIA,5/09/2006,,0,434,0,0,abandoned,0,0,0,0,0,0,-9999,-1213181.478,-2184896.239,23.22341347,1,0
852,Windpump,BIMBIARRA WELL,,1/01/1979,1/01/1979,100,GEOSCIENCE AUSTRALIA,5/09/2006,,0,434,0,0,,0,0,0,0,0,0,5,-1209209.878,-2184273.542,23.25583649,1,0
5229,Windpump,CHIRRUP WELL,,1/01/1979,1/01/1979,100,GEOSCIENCE AUSTRALIA,5/09/2006,,0,434,0,0,,0,0,0,0,0,0,5,-1205294.3,-2184115.984,23.25583649,1,0
8863,Windpump,BOONGA BOONGA WELL,,1/01/1979,1/01/1979,100,GEOSCIENCE AUSTRALIA,5/09/2006,,0,434,0,0,,0,0,0,0,0,0,5,-1202763.11,-2182883.794,23.39092064,1,0
100,Windpump,COOLOOLOO WELL,,1/01/1979,1/01/1979,100,GEOSCIENCE AUSTRALIA,5/09/2006,,0,434,0,0,,0,0,0,0,0,0,7,-1180335.517,-2182876.942,23.98994064,1,0
4355,Windpump,CHIMBERRIE WELL,,1/01/1979,1/01/1979,100,GEOSCIENCE AUSTRALIA,5/09/2006,,0,434,0,0,,0,0,0,0,0,0,5,-1191765.614,-2181937.313,23.50670433,1,0
17063,Bore,,,1/01/1979,1/01/1979,100,GEOSCIENCE AUSTRALIA,5/09/2006,,0,11,0,0,,0,0,0,0,0,0,7,-1186414.465,-2181792.697,23.50670433,1,0
9395,Windpump,YINADONG WELL,,1/01/1979,1/01/1979,100,GEOSCIENCE AUSTRALIA,5/09/2006,,0,434,0,0,,0,0,0,0,0,0,5,-1199358.569,-2181496.161,23.39092064,1,0
55669,Water Tank,,,1/01/1979,1/01/1979,100,GEOSCIENCE AUSTRALIA,5/09/2006,,0,0,0,0,,0,0,0,0,0,0,5,-1199406.373,-2181141.033,23.39092064,1,0
851,Windpump,MINGUEL WELL,,1/01/1979,1/01/1979,100,GEOSCIENCE AUSTRALIA,5/09/2006,,0,434,0,0,,0,0,0,0,0,0,7,-1187035.116,-2180577.932,23.50670433,1,0
1075,Windpump,CHIRRUP BORE,,1/01/1979,1/01/1979,100,GEOSCIENCE AUSTRALIA,5/09/2006,,0,434,0,0,,0,0,0,0,0,0,5,-1199463.903,-2179681.674,23.39092064,1,0
6589,Waterhole,,Perennial,1/01/1979,1/01/1979,100,GEOSCIENCE AUSTRALIA,5/09/2006,,8375730,81,0,0,waterhole,0,0,0,0,0,0,5,-1201454.063,-2179217.592,23.39092064,0,0
850,Windpump,YINADONG WELL,,1/01/1979,1/01/1979,100,GEOSCIENCE AUSTRALIA,5/09/2006,,0,434,0,0,abandoned,0,0,0,0,0,0,-9999,-1192875.23,-2178305.431,23.50670433,1,0
22,Bore,,,1/01/1979,1/01/1979,100,GEOSCIENCE AUSTRALIA,5/09/2006,,0,11,0,0,,0,0,0,0,0,0,7,-1179217.275,-2177953.448,23.98994064,1,0
5675,Windpump,TURVEY WELL,,1/01/1979,1/01/1979,100,GEOSCIENCE AUSTRALIA,5/09/2006,,0,434,0,0,,0,0,0,0,0,0,-9999,-1196199.313,-2177659.145,23.39092064,1,0
849,Windpump,POVERIE WELL,,1/01/1979,1/01/1979,100,GEOSCIENCE AUSTRALIA,5/09/2006,,0,434,0,0,,0,0,0,0,0,0,-9999,-1191603.375,-2177340.669,23.50670433,1,0
5247,Windpump,EDMUNDS BORE,,1/01/1979,1/01/1979,100,GEOSCIENCE AUSTRALIA,5/09/2006,,0,434,0,0,,0,0,0,0,0,0,7,-1172391.012,-2177084.298,24.1792984,1,0
4249,Windpump,SUMMERING WELL,,1/01/1979,1/01/1979,100,GEOSCIENCE AUSTRALIA,5/09/2006,,0,434,0,0,,0,0,0,0,0,0,7,-1180549.876,-2175651.088,23.98994064,1,0
128,Windpump,ILAREEN WELL,,1/01/1979,1/01/1979,100,GEOSCIENCE AUSTRALIA,5/09/2006,,0,434,0,0,,0,0,0,0,0,0,7,-1186262.551,-2174797.548,23.6011467,1,0
5754,Windpump,WAELBURRA WELL,,1/01/1979,1/01/1979,100,GEOSCIENCE AUSTRALIA,5/09/2006,,0,434,0,0,,0,0,0,0,0,0,7,-1190114.27,-2174473.698,23.6011467,1,0
8304,Windpump,NEW TAFT BORE,,1/01/1979,1/01/1979,100,GEOSCIENCE AUSTRALIA,5/09/2006,,0,434,0,0,,0,0,0,0,0,0,7,-1145727.017,-2174276.627,24.02161407,1,0
8088,Windpump,BAKER BORE,,1/01/1979,1/01/1979,100,GEOSCIENCE AUSTRALIA,5/09/2006,,0,434,0,0,,0,0,0,0,0,0,6,-1153542.63,-2173891.011,23.88461876,1,0
5076,Windpump,ILAREEN BORE,,1/01/1979,1/01/1979,100,GEOSCIENCE AUSTRALIA,5/09/2006,,0,434,0,0,,0,0,0,0,0,0,7,-1186417.017,-2173889.476,23.6011467,1,0
11981,Bore,BOULDER WELL,,1/01/1979,1/01/1979,100,GEOSCIENCE AUSTRALIA,5/09/2006,,0,11,0,0,,0,0,0,0,0,0,7,-1137983.171,-2173558.256,24.31762695,1,0
5373,Windpump,CHINGALING WELL,,1/01/1979,1/01/1979,100,GEOSCIENCE AUSTRALIA,5/09/2006,,0,434,0,0,,0,0,0,0,0,0,7,-1186543.884,-2173173.146,23.6011467,1,0
6659,Windpump,,,1/01/1979,1/01/1979,100,GEOSCIENCE AUSTRALIA,5/09/2006,,0,434,0,0,,0,0,0,0,0,0,7,-1183440.858,-2171959.909,23.6011467,1,0
3802,Windpump,MOOGLIE WELL,,1/01/1979,1/01/1979,100,GEOSCIENCE AUSTRALIA,5/09/2006,,0,434,0,0,,0,0,0,0,0,0,6,-1156227.449,-2171716.471,23.88461876,1,0
6580,Windpump,TED BORE,,1/01/1979,1/01/1979,100,GEOSCIENCE AUSTRALIA,5/09/2006,,0,434,0,0,,0,0,0,0,0,0,6,-1166459.25,-2171667.187,23.99219894,1,0
4354,Windpump,CORBETTS BORE,,1/01/1979,1/01/1979,100,GEOSCIENCE AUSTRALIA,5/09/2006,,0,434,0,0,,0,0,0,0,0,0,7,-1138890.084,-2171260.533,24.31762695,1,0
5693,Windpump,HORSE BORE,,1/01/1979,1/01/1979,100,GEOSCIENCE AUSTRALIA,5/09/2006,,0,434,0,0,,0,0,0,0,0,0,7,-1180764.806,-2171207.246,23.79061699,1,0
1897,Windpump,MEDA MEDA BORE,,1/01/1979,1/01/1979,100,GEOSCIENCE AUSTRALIA,5/09/2006,,0,434,0,0,,0,0,0,0,0,0,7,-1173077.813,-2170565.12,23.79061699,1,0
7074,Windpump,WALLAL WELL,,1/01/1979,1/01/1979,100,GEOSCIENCE AUSTRALIA,5/09/2006,,0,434,0,0,,0,0,0,0,0,0,7,-1179516.835,-2170523.869,23.79061699,1,0
4706,Windpump,SAMPSON WELL,,1/01/1979,1/01/1979,100,GEOSCIENCE AUSTRALIA,5/09/2006,,0,434,0,0,,0,0,0,0,0,0,6,-1162703.489,-2170523.264,23.88461876,1,0
12976,Bore,,,1/01/1979,1/01/1979,100,GEOSCIENCE AUSTRALIA,5/09/2006,,0,11,0,0,,0,0,0,0,0,0,7,-1143995.158,-2170277.818,24.02161407,1,0
799,Windpump,COOKIEARDIE WELL,,1/01/1979,1/01/1979,100,GEOSCIENCE AUSTRALIA,5/09/2006,,0,434,0,0,,0,0,0,0,0,0,6,-1169944.831,-2170164.913,23.99219894,1,0
3554,Windpump,MOOJAN BORE,,1/01/1979,1/01/1979,100,GEOSCIENCE AUSTRALIA,5/09/2006,,0,434,0,0,,0,0,0,0,0,0,6,-1168061.898,-2169941.164,23.99219894,1,0
10975,Bore,OLD HOUSE WELL,,1/01/1979,1/01/1979,100,GEOSCIENCE AUSTRALIA,5/09/2006,,0,11,0,0,,0,0,0,0,0,0,6,-1159018.751,-2169916.674,23.88461876,1,0
32992,Water Tank,MARMOO WELL,,1/01/1979,1/01/1979,100,GEOSCIENCE AUSTRALIA,5/09/2006,,0,86,0,0,,0,0,0,0,0,0,7,-1149087.599,-2169877.244,24.02161407,1,0
848,Windpump,MUNGEN WELL,,1/01/1979,1/01/1979,100,GEOSCIENCE AUSTRALIA,5/09/2006,,0,434,0,0,,0,0,0,0,0,0,7,-1176398.862,-2169551.006,23.79061699,1,0
7108,Windpump,WOOLENAPPA BORE,,1/01/1979,1/01/1979,100,GEOSCIENCE AUSTRALIA,5/09/2006,,0,434,0,0,,0,0,0,0,0,0,7,-1142234.66,-2168242.973,24.31762695,1,0
18373,Bore,COOLGARDIE WELL,,1/01/1979,1/01/1979,100,GEOSCIENCE AUSTRALIA,5/09/2006,,0,11,0,0,,0,0,0,0,0,0,5,-1123074.137,-2167689.22,24.25578499,1,0
2901,Windpump,ISLAND WELL,,1/01/1979,1/01/1979,100,GEOSCIENCE AUSTRALIA,5/09/2006,,0,434,0,0,,0,0,0,0,0,0,7,-1146993.331,-2167492.669,24.02161407,1,0
2233,Windpump,BOULDER BORE,,1/01/1979,1/01/1979,100,GEOSCIENCE AUSTRALIA,5/09/2006,,0,434,0,0,,0,0,0,0,0,0,5,-1129414.543,-2167381.127,24.25578499,1,0
847,Windpump,NALGI WELL,,1/01/1979,1/01/1979,100,GEOSCIENCE AUSTRALIA,5/09/2006,,0,434,0,0,,0,0,0,0,0,0,6,-1166437.506,-2167094.764,23.99219894,1,0
2232,Windpump,GARDEN BORE,,1/01/1979,1/01/1979,100,GEOSCIENCE AUSTRALIA,5/09/2006,,0,434,0,0,,0,0,0,0,0,0,6,-1150987.736,-2166926.606,24.02161407,1,0
5875,Windpump,GARDEN WELL,,1/01/1979,1/01/1979,100,GEOSCIENCE AUSTRALIA,5/09/2006,,0,434,0,0,,0,0,0,0,0,0,6,-1163337.382,-2166789.462,23.99219894,1,0
8505,Windpump,MUD BORES,,1/01/1979,1/01/1979,100,GEOSCIENCE AUSTRALIA,5/09/2006,,0,434,0,0,,0,0,0,0,0,0,6,-1161320.342,-2166608.531,23.88461876,1,0
15515,Bore,,,1/01/1979,1/01/1979,100,GEOSCIENCE AUSTRALIA,5/09/2006,,0,11,0,0,,0,0,0,0,0,0,6,-1166871.885,-2166241.394,23.99219894,1,0
1696,Windpump,YOOGLI BORE,,1/01/1979,1/01/1979,100,GEOSCIENCE AUSTRALIA,5/09/2006,,0,434,0,0,,0,0,0,0,0,0,6,-1165587.288,-2166239.095,23.99219894,1,0
15377,Lake,,Perennial,20020523,20020523,100,GEOSCIENCE AUSTRALIA,5/09/2006,,3543285,10,0,0,,0,0,0,0.404991428,0.002329333,3688,5,-1119514.244,-2165907.528,24.13453865,0,0
8356,Bore,TELEGRAPH WELL,,1/01/1979,1/01/1979,100,GEOSCIENCE AUSTRALIA,5/09/2006,,0,11,0,0,,0,0,0,0,0,0,6,-1167387.17,-2165732.12,23.99219894,1,0
53485,Water Tank,NO 2 WELL,,1/01/1979,1/01/1979,100,GEOSCIENCE AUSTRALIA,5/09/2006,,0,86,0,0,,0,0,0,0,0,0,6,-1151240.833,-2164984.923,24.09655762,1,0
9447,Windpump,WOTENS BORE,,1/01/1979,1/01/1979,100,GEOSCIENCE AUSTRALIA,5/09/2006,,0,434,0,0,,0,0,0,0,0,0,7,-1133070.265,-2164220.701,24.27732658,1,0
2653,Bore,,,1/01/1979,1/01/1979,100,GEOSCIENCE AUSTRALIA,5/09/2006,,0,11,0,0,,0,0,0,0,0,0,4,-1106561.777,-2163146.931,24.62732506,1,0
51665,Water Tank,,,1/01/1979,1/01/1979,100,GEOSCIENCE AUSTRALIA,5/09/2006,,0,86,0,0,,0,0,0,0,0,0,6,-1157595.791,-2159624.146,24.10272026,1,0
23416,Lake,,Perennial,20020523,20020523,100,GEOSCIENCE AUSTRALIA,5/09/2006,,3549951,10,0,0,,0,0,0,0.051575699,7.77984E-05,4505,5,-1112076.273,-2159608.812,24.62732506,0,0
5874,Windpump,RAM PADDOCK WELLS,,1/01/1979,1/01/1979,100,GEOSCIENCE AUSTRALIA,5/09/2006,,0,434,0,0,,0,0,0,0,0,0,6,-1157608.672,-2159211.39,24.10272026,1,0
8457,Windpump,WARROO WELL,,1/01/1979,1/01/1979,100,GEOSCIENCE AUSTRALIA,5/09/2006,,0,434,0,0,,0,0,0,0,0,0,-9999,-1159897,-2158986.946,24.10272026,1,0
252,Windpump,FRIDAY BORE,,1/01/1979,1/01/1979,100,GEOSCIENCE AUSTRALIA,5/09/2006,,0,434,0,0,,0,0,0,0,0,0,5,-1111480.806,-2158295.147,24.62732506,1,0
30717,Water Tank,FAYS TANK,,1/01/1979,1/01/1979,100,GEOSCIENCE AUSTRALIA,5/09/2006,,0,86,0,0,,0,0,0,0,0,0,7,-1133231.563,-2157989.978,24.21147347,1,0
26525,Water Tank,SATURDAY WELL,,1/01/1979,1/01/1979,100,GEOSCIENCE AUSTRALIA,5/09/2006,,0,86,0,0,,0,0,0,0,0,0,6,-1104921.559,-2157652.455,24.62732506,1,0
37371,Water Tank,CLARRIES TANK,,1/01/1979,1/01/1979,100,GEOSCIENCE AUSTRALIA,5/09/2006,,0,86,0,0,,0,0,0,0,0,0,7,-1140918.738,-2157078.056,24.21147347,1,0
251,Windpump,COMBO TANK,,1/01/1979,1/01/1979,100,GEOSCIENCE AUSTRALIA,5/09/2006,,0,434,0,0,,0,0,0,0,0,0,5,-1117911.31,-2156766.539,24.43971062,1,0
2900,Windpump,LINGETT WELL,,1/01/1979,1/01/1979,100,GEOSCIENCE AUSTRALIA,5/09/2006,,0,434,0,0,,0,0,0,0,0,0,6,-1099021.19,-2156592.399,24.85634804,1,0
5482,Windpump,MARLAMBOOL WELL,,1/01/1979,1/01/1979,100,GEOSCIENCE AUSTRALIA,5/09/2006,,0,434,0,0,,0,0,0,0,0,0,-9999,-1153228.162,-2155929.22,24.10272026,1,0
55761,Water Tank,,,1/01/1979,1/01/1979,100,GEOSCIENCE AUSTRALIA,5/09/2006,,0,86,0,0,,0,0,0,0,0,0,7,-1135753.301,-2154592.435,24.57461739,1,0
5844,Windpump,EMU BORE,,1/01/1979,1/01/1979,100,GEOSCIENCE AUSTRALIA,5/09/2006,,0,434,0,0,,0,0,0,0,0,0,5,-1113775.404,-2153655.854,24.93871689,1,0
2584,Windpump,WYNDHAMS BORE,,1/01/1979,1/01/1979,100,GEOSCIENCE AUSTRALIA,5/09/2006,,0,434,0,0,,0,0,0,0,0,0,7,-1149590.51,-2153566.304,24.42282867,1,0
9378,Water Tank,,,1/01/1979,1/01/1979,100,GEOSCIENCE AUSTRALIA,5/09/2006,,0,86,0,0,,0,0,0,0,0,0,5,-1114842.805,-2153377.272,24.93871689,1,0
2743,Windpump,MAXWELL WELLS,,1/01/1979,1/01/1979,100,GEOSCIENCE AUSTRALIA,5/09/2006,,0,434,0,0,,0,0,0,0,0,0,7,-1145700.165,-2153124.619,24.42282867,1,0
4455,Windpump,SCOTLAND TANK,,1/01/1979,1/01/1979,100,GEOSCIENCE AUSTRALIA,5/09/2006,,0,434,0,0,,0,0,0,0,0,0,5,-1118828.276,-2150026.25,24.93871689,1,0
3286,Windpump,CAMEL BORE,,1/01/1979,1/01/1979,100,GEOSCIENCE AUSTRALIA,5/09/2006,,0,434,0,0,,0,0,0,0,0,0,6,-1106789.168,-2149638.008,25.4229126,1,0
17119,Bore,NO 2 ARTESIAN BORE,,1/01/1979,1/01/1979,100,GEOSCIENCE AUSTRALIA,5/09/2006,,0,11,0,0,,0,0,0,0,0,0,5,-1129918.191,-2148095.371,24.61307335,1,0
3156,Windpump,ROSEWOOD BORE,,1/01/1979,1/01/1979,100,GEOSCIENCE AUSTRALIA,5/09/2006,,0,434,0,0,,0,0,0,0,0,0,5,-1113574.787,-2146872.424,24.93871689,1,0
22816,Water Tank,ROCKY'S TANK,,1/01/1979,1/01/1979,100,GEOSCIENCE AUSTRALIA,5/09/2006,,0,86,0,0,,0,0,0,0,0,0,5,-1120430.513,-2144484.132,25.20299721,1,0
703,Water Tank,,,1/01/1979,1/01/1979,100,GEOSCIENCE AUSTRALIA,5/09/2006,,0,86,0,0,,0,0,0,0,0,0,5,-1120529.474,-2143994.046,25.20299721,1,0
9173,Windpump,BALDY BORE,,1/01/1979,1/01/1979,100,GEOSCIENCE AUSTRALIA,5/09/2006,,0,434,0,0,,0,0,0,0,0,0,6,-1103315.013,-2143930.519,25.8127861,1,0
15530,Water Tank,SHOVEL BORE,,1/01/1979,1/01/1979,100,GEOSCIENCE AUSTRALIA,5/09/2006,,0,86,0,0,,0,0,0,0,0,0,5,-1117665.274,-2141436.273,25.20299721,1,0
7226,Windpump,JOSEPH BORE,,1/01/1979,1/01/1979,100,GEOSCIENCE AUSTRALIA,5/09/2006,,0,434,0,0,,0,0,0,0,0,0,5,-1110620.384,-2139519.896,25.8127861,1,0
6788,Bore,SAMPHIRE BORE,,1/01/1979,1/01/1979,100,GEOSCIENCE AUSTRALIA,5/09/2006,,0,11,0,0,,0,0,0,0,0,0,7,-1129887.002,-2138179.91,24.99486732,1,0
6872,Windpump,WIDJUBB BORE,,1/01/1979,1/01/1979,100,GEOSCIENCE AUSTRALIA,5/09/2006,,0,434,0,0,,0,0,0,0,0,0,7,-1114709.567,-2136812.522,25.20299721,1,0
9320,Windpump,WILD DOG BORE,,1/01/1979,1/01/1979,100,GEOSCIENCE AUSTRALIA,5/09/2006,,0,434,0,0,,0,0,0,0,0,0,7,-1105397.135,-2136171.087,25.8127861,1,0
798,Windpump,WYNDHAM BORE,,1/01/1979,1/01/1979,100,GEOSCIENCE AUSTRALIA,5/09/2006,,0,434,0,0,,0,0,0,0,0,0,7,-1108891.461,-2134614.451,25.68772507,1,0
5171,Windpump,DALLAS WELL,,1/01/1979,1/01/1979,100,GEOSCIENCE AUSTRALIA,5/09/2006,,0,434,0,0,,0,0,0,0,0,0,7,-1113130.182,-2134261.307,25.47527504,1,0
56279,Water Tank,,,1/01/1979,1/01/1979,100,GEOSCIENCE AUSTRALIA,5/09/2006,,0,86,0,0,,0,0,0,0,0,0,7,-1118549.9,-2132851.5,25.47527504,1,0
6629,Windpump,BULL HEAD BORE,,1/01/1979,1/01/1979,100,GEOSCIENCE AUSTRALIA,5/09/2006,,0,434,0,0,,0,0,0,0,0,0,7,-1101313.714,-2131664.921,26.62328529,1,0
846,Windpump,NURDY WELL,,1/01/1979,1/01/1979,100,GEOSCIENCE AUSTRALIA,5/09/2006,,0,434,0,0,,0,0,0,0,0,0,7,-1109559.526,-2129315.13,25.68772507,1,0
17744,Bore,,,1/01/1979,1/01/1979,100,GEOSCIENCE AUSTRALIA,5/09/2006,,0,11,0,0,,0,0,0,0,0,0,7,-1119318.685,-2127011.57,25.47527504,1,0
856,Windpump,WALNUT WELL,,1/01/1979,1/01/1979,100,GEOSCIENCE AUSTRALIA,5/09/2006,,0,434,0,0,,0,0,0,0,0,0,6,-1086600.379,-2126463.405,26.50836754,1,0
12007,Bore,NO 1 TANK,,1/01/1979,1/01/1979,100,GEOSCIENCE AUSTRALIA,5/09/2006,,0,11,0,0,,0,0,0,0,0,0,7,-1120156.433,-2126204.764,25.47527504,1,0
6187,Windpump,BAKER BORE,,1/01/1979,1/01/1979,100,GEOSCIENCE AUSTRALIA,5/09/2006,,0,434,0,0,,0,0,0,0,0,0,7,-1097529.764,-2126140.964,26.62328529,1,0
9094,Windpump,MILLY MILLY BORE,,1/01/1979,1/01/1979,100,GEOSCIENCE AUSTRALIA,5/09/2006,,0,434,0,0,,0,0,0,0,0,0,6,-1090209.207,-2120699.183,26.65134048,1,0
127,Windpump,ERINBEE BORE,,1/01/1979,1/01/1979,100,GEOSCIENCE AUSTRALIA,5/09/2006,,0,434,0,0,,0,0,0,0,0,0,7,-1104242.465,-2120247.247,25.94765854,1,0
33264,Water Tank,INDIAN WELL,,1/01/1979,1/01/1979,100,GEOSCIENCE AUSTRALIA,5/09/2006,,0,86,0,0,,0,0,0,0,0,0,7,-1116331.834,-2119405.224,25.8639183,1,0
36393,Lake,,Perennial,20020523,20020523,100,GEOSCIENCE AUSTRALIA,5/09/2006,,3545939,10,0,0,,0,0,0,0.052340269,0.000128274,7461,7,-1103905.095,-2118767.717,25.94765854,0,0
13284,Bore,SANDY WELL,,1/01/1979,1/01/1979,100,GEOSCIENCE AUSTRALIA,5/09/2006,,0,11,0,0,,0,0,0,0,0,0,7,-1098735.75,-2118145.311,26.278862,1,0
12831,Lake,,Perennial,20020523,20020523,100,GEOSCIENCE AUSTRALIA,5/09/2006,,3542102,10,0,0,,0,0,0,0.02804987,4.55778E-05,2531,7,-1103036.348,-2117131.639,26.278862,0,0
5833,Windpump,WHITEGUM BORE,,1/01/1979,1/01/1979,100,GEOSCIENCE AUSTRALIA,5/09/2006,,0,434,0,0,,0,0,0,0,0,0,6,-1087549.745,-2116753.636,26.65134048,1,0
63873,Lake,,Perennial,20020523,20020523,100,GEOSCIENCE AUSTRALIA,5/09/2006,,3526186,10,0,0,,0,0,0,0.19845733,0.000927593,13430,7,-1098907.537,-2115489.736,26.55272102,0,0
8160,Windpump,NEW GLEESON WELL,,1/01/1979,1/01/1979,100,GEOSCIENCE AUSTRALIA,5/09/2006,,0,434,0,0,,0,0,0,0,0,0,7,-1092284.495,-2115061.468,26.91780663,1,0
50251,Water Tank,PINCHERS TANK,,1/01/1979,1/01/1979,100,GEOSCIENCE AUSTRALIA,5/09/2006,,0,86,0,0,,0,0,0,0,0,0,7,-1105016.905,-2114564.852,26.36217117,1,0
31754,Lake,,Perennial,20020523,20020523,100,GEOSCIENCE AUSTRALIA,5/09/2006,,3507544,10,0,0,,0,0,0,0.03084391,5.54296E-05,6553,7,-1098186.454,-2113082.851,26.55272102,0,0
84565,Lake,,Perennial,20020523,20020523,100,GEOSCIENCE AUSTRALIA,5/09/2006,,3499601,10,0,0,,0,0,0,0.037057374,8.92431E-05,17222,7,-1098232.195,-2111844.276,26.55272102,0,0
101,Windpump,MOUNT PHIRE BORE,,1/01/1979,1/01/1979,100,GEOSCIENCE AUSTRALIA,5/09/2006,,0,434,0,0,,0,0,0,0,0,0,6,-1078145.55,-2110452.995,27.50993729,1,0
6225,Windpump,YELLOW GAP BORE,,1/01/1979,1/01/1979,100,GEOSCIENCE AUSTRALIA,5/09/2006,,0,434,0,0,,0,0,0,0,0,0,7,-1097611.399,-2110366.894,26.55272102,1,0
855,Windpump,BLACK DOUGLAS BORE,,1/01/1979,1/01/1979,100,GEOSCIENCE AUSTRALIA,5/09/2006,,0,434,0,0,,0,0,0,0,0,0,6,-1059752.111,-2109164.287,27.93723488,1,0
9688,Windpump,NO 2 BORE,,1/01/1979,1/01/1979,100,GEOSCIENCE AUSTRALIA,5/09/2006,,0,434,0,0,,0,0,0,0,0,0,6,-1089516.471,-2108984.842,26.91780663,1,0
4170,Bore,PHIRE BORE,,1/01/1979,1/01/1979,100,GEOSCIENCE AUSTRALIA,5/09/2006,,0,11,0,0,,0,0,0,0,0,0,6,-1086323.497,-2107977.005,26.91780663,1,0
9722,Windpump,PINDAN BORE,,1/01/1979,1/01/1979,100,GEOSCIENCE AUSTRALIA,5/09/2006,,0,434,0,0,,0,0,0,0,0,0,7,-1096232.143,-2107190.912,26.55272102,1,0
18695,Bore,,,1/01/1979,1/01/1979,100,GEOSCIENCE AUSTRALIA,5/09/2006,,0,11,0,0,,0,0,0,0,0,0,7,-1101115.013,-2106744.006,26.55272102,1,0
10371,Water Tank,MOYALL WELL,,1/01/1979,1/01/1979,100,GEOSCIENCE AUSTRALIA,5/09/2006,,0,86,0,0,,0,0,0,0,0,0,7,-1107082.273,-2105848.452,26.36217117,1,0
10729,Canal Line,,,1/01/1979,1/01/1979,100,GEOSCIENCE AUSTRALIA,5/09/2006,,982252,947,0,0,,190,0,0,0.005044358,0,0,7,-1097192.694,-2105740.298,26.55272102,1,0
5933,Windpump,SILENT VALLEY BORE,,1/01/1979,1/01/1979,100,GEOSCIENCE AUSTRALIA,5/09/2006,,0,434,0,0,,0,0,0,0,0,0,6,-1070040.173,-2105595.426,27.90553665,1,0
5075,Canal Line,,,1/01/1979,1/01/1979,100,GEOSCIENCE AUSTRALIA,5/09/2006,,980468,947,0,0,,151,0,0,0.012181017,0,0,7,-1096928.746,-2105593.147,26.55272102,1,0
5075,Canal Line,,,1/01/1979,1/01/1979,100,GEOSCIENCE AUSTRALIA,5/09/2006,,980468,947,0,0,,151,0,0,0.012181017,0,0,7,-1097362.878,-2105064.725,26.97665977,1,0
43830,Water Tank,BROLGA WELL,,1/01/1979,1/01/1979,100,GEOSCIENCE AUSTRALIA,5/09/2006,,0,86,0,0,,0,0,0,0,0,0,7,-1100942.631,-2104065.059,26.97665977,1,0
14576,Bore,CARDINGY WELL,,1/01/1979,1/01/1979,100,GEOSCIENCE AUSTRALIA,5/09/2006,,0,11,0,0,,0,0,0,0,0,0,7,-1099737.276,-2103629.278,26.97665977,1,0
34234,Lake,,Perennial,20020523,20020523,100,GEOSCIENCE AUSTRALIA,5/09/2006,,3518210,10,0,0,,0,0,0,0.274725127,0.000583805,7623,7,-1099412.079,-2102769.432,26.97665977,0,0
854,Windpump,NO 4 BORE,,1/01/1979,1/01/1979,100,GEOSCIENCE AUSTRALIA,5/09/2006,,0,434,0,0,,0,0,0,0,0,0,6,-1088124.344,-2102768.954,27.34041023,1,0
6186,Windpump,BAUHINIA BORE,,1/01/1979,1/01/1979,100,GEOSCIENCE AUSTRALIA,5/09/2006,,0,434,0,0,,0,0,0,0,0,0,7,-1092350.341,-2100704.75,27.34041023,1,0
1903,Windpump,SCHULTZS BORE,,1/01/1979,1/01/1979,100,GEOSCIENCE AUSTRALIA,5/09/2006,,0,434,0,0,,0,0,0,0,0,0,6,-1064100.328,-2100155.345,28.16577721,1,0
3287,Windpump,SPINIFEX BORE,,1/01/1979,1/01/1979,100,GEOSCIENCE AUSTRALIA,5/09/2006,,0,434,0,0,,0,0,0,0,0,0,6,-1087389.009,-2099179.27,27.34041023,1,0
97483,Lake,,Perennial,20020523,20020523,100,GEOSCIENCE AUSTRALIA,5/09/2006,,3519020,10,0,0,,0,0,0,0.03102739,5.49624E-05,20158,0,-1101586.408,-2098747.184,26.97665977,0,0
4928,Windpump,NUMMERY WELL,,1/01/1979,1/01/1979,100,GEOSCIENCE AUSTRALIA,5/09/2006,,0,434,0,0,,0,0,0,0,0,0,-9999,-1097639.426,-2098232.466,26.97665977,1,0
4299,Windpump,FOXES WELL,,1/01/1979,1/01/1979,100,GEOSCIENCE AUSTRALIA,5/09/2006,,0,434,0,0,,0,0,0,0,0,0,7,-1073868.719,-2097694.236,27.60033035,1,0
29834,Lake,,Perennial,5/10/2002,5/10/2002,100,GEOSCIENCE AUSTRALIA,5/09/2006,,3530642,10,0,0,,0,0,0,0.103072512,0.000121841,6835,0,-1097913.558,-2097649.137,26.97665977,0,0
5175,Windpump,BEDEN BEDEN WELL,,1/01/1979,1/01/1979,100,GEOSCIENCE AUSTRALIA,5/09/2006,,0,434,0,0,,0,0,0,0,0,0,7,-1087004.025,-2096321.194,27.34041023,1,0
7173,Windpump,PIDGEON BORE,,1/01/1979,1/01/1979,100,GEOSCIENCE AUSTRALIA,5/09/2006,,0,434,0,0,,0,0,0,0,0,0,-9999,-1091794.817,-2096110.544,27.34041023,1,0
11099,Bore,,,1/01/1979,1/01/1979,100,GEOSCIENCE AUSTRALIA,5/09/2006,,0,11,0,0,,0,0,0,0,0,0,5,-1040186.629,-2093323.808,29.48806763,1,0
1271,Bore,NO5 WELL,,1/01/1979,1/01/1979,100,GEOSCIENCE AUSTRALIA,5/09/2006,,0,11,0,0,,0,0,0,0,0,0,7,-1078472.24,-2091808.704,28.14277077,1,0
733,Bore,NORM BORE,,1/01/1979,1/01/1979,100,GEOSCIENCE AUSTRALIA,5/09/2006,,0,11,0,0,,0,0,0,0,0,0,7,-1081310.463,-2091582.655,28.14277077,1,0
2647,Windpump,NO 3 BORE,,1/01/1979,1/01/1979,100,GEOSCIENCE AUSTRALIA,5/09/2006,,0,434,0,0,,0,0,0,0,0,0,7,-1071109.239,-2091394.556,28.62940216,1,0
6392,Windpump,CALANJADIE WELL,,1/01/1979,1/01/1979,100,GEOSCIENCE AUSTRALIA,5/09/2006,,0,434,0,0,,0,0,0,0,0,0,-9999,-1096566.331,-2091318.212,27.26605606,1,0
853,Windpump,FOX BORE,,1/01/1979,1/01/1979,100,GEOSCIENCE AUSTRALIA,5/09/2006,,0,434,0,0,,0,0,0,0,0,0,-9999,-1091281.922,-2091102.712,27.60246468,1,0
7502,Water Tank,NO 2 BORE,,1/01/1979,1/01/1979,100,GEOSCIENCE AUSTRALIA,5/09/2006,,0,86,0,0,,0,0,0,0,0,0,7,-1078738.061,-2090119.736,28.14277077,1,0
432,Bore,NEW WELL,,1/01/1979,1/01/1979,100,GEOSCIENCE AUSTRALIA,5/09/2006,,0,11,0,0,,0,0,0,0,0,0,-9999,-1094943.665,-2089933.417,27.26605606,1,0
54613,Lake,,Perennial,5/10/2002,5/10/2002,100,GEOSCIENCE AUSTRALIA,5/09/2006,,3552372,10,0,0,,0,0,0,0.025300381,3.83767E-05,11805,0,-1091166.19,-2089274.769,27.60246468,0,0
84309,Lake,,Perennial,5/10/2002,5/10/2002,100,GEOSCIENCE AUSTRALIA,5/09/2006,,3522237,10,0,0,,0,0,0,0.00979299,4.2483E-06,16953,7,-1090263.963,-2088684.87,27.60246468,0,0
52460,Lake,,Perennial,5/10/2002,5/10/2002,100,GEOSCIENCE AUSTRALIA,5/09/2006,,3554357,10,0,0,,0,0,0,0.039515119,6.42625E-05,10941,0,-1091867.214,-2088008.711,27.60246468,0,0
90323,Lake,,Perennial,5/10/2002,5/10/2002,100,GEOSCIENCE AUSTRALIA,5/09/2006,,3512563,10,0,0,,0,0,0,0.026305486,3.34918E-05,19090,0,-1090763.964,-2087826.008,27.60246468,0,0
7227,Windpump,MCPHEE WELL,,1/01/1979,1/01/1979,100,GEOSCIENCE AUSTRALIA,5/09/2006,,0,434,0,0,,0,0,0,0,0,0,-9999,-1098459.656,-2087535.981,27.26605606,1,0
26,Windpump,JEAN WELL,,1/01/1979,1/01/1979,100,GEOSCIENCE AUSTRALIA,5/09/2006,,0,434,0,0,,0,0,0,0,0,0,7,-1083371.586,-2086920.195,27.60246468,1,0
5101,Windpump,PAUL BORE,,1/01/1979,1/01/1979,100,GEOSCIENCE AUSTRALIA,5/09/2006,,0,434,0,0,,0,0,0,0,0,0,7,-1074145.849,-2086823.587,28.14277077,1,0
4570,Windpump,WAYNE BORE,,1/01/1979,1/01/1979,100,GEOSCIENCE AUSTRALIA,5/09/2006,,0,434,0,0,disused,0,0,0,0,0,0,7,-1081327.111,-2084440.897,28.69208527,1,0
9240,Bore,CORGINOJALLY WELL,,1/01/1979,1/01/1979,100,GEOSCIENCE AUSTRALIA,5/09/2006,,0,11,0,0,,0,0,0,0,0,0,-9999,-1098199.84,-2083519.317,27.70725822,1,0
5351,Windpump,JOHNSONS WELL,,1/01/1979,1/01/1979,100,GEOSCIENCE AUSTRALIA,5/09/2006,,0,434,0,0,,0,0,0,0,0,0,-9999,-1092099.242,-2083365.847,28.10244179,1,0
14352,Lake,,Perennial,5/10/2002,5/10/2002,100,GEOSCIENCE AUSTRALIA,5/09/2006,,3555840,10,0,0,,0,0,0,0.021630155,0.000035462,3848,6,-1053022.812,-2081872.697,29.95306015,0,0
13099,Bore,MINNAWARRA WELL,,1/01/1979,1/01/1979,100,GEOSCIENCE AUSTRALIA,5/09/2006,,0,11,0,0,,0,0,0,0,0,0,-9999,-1091277.19,-2081395.902,28.10244179,1,0
7225,Lake,,Perennial,9/10/2002,9/10/2002,100,GEOSCIENCE AUSTRALIA,5/09/2006,,3533881,10,0,0,,0,0,0,0.471254568,0.001465073,1809,0,-1094881.467,-2081276.535,27.70725822,0,0
17653,Bore,WANBREE WELL,,1/01/1979,1/01/1979,100,GEOSCIENCE AUSTRALIA,5/09/2006,,0,11,0,0,,0,0,0,0,0,0,-9999,-1096113.884,-2080847.367,27.70725822,1,0
6823,Lake,,Perennial,5/10/2002,5/10/2002,100,GEOSCIENCE AUSTRALIA,5/09/2006,,3528408,10,0,0,,0,0,0,0.029220104,6.51678E-05,1479,6,-1052491.419,-2080064.079,29.95306015,0,0
3997,Bore,WARROOBPAH WELL,,1/01/1979,1/01/1979,100,GEOSCIENCE AUSTRALIA,5/09/2006,,0,11,0,0,,0,0,0,0,0,0,7,-1087725.679,-2074931.113,28.49661255,1,0
17551,Bore,EAST IMBADAH WELL,,1/01/1979,1/01/1979,100,GEOSCIENCE AUSTRALIA,5/09/2006,,0,11,0,0,,0,0,0,0,0,0,7,-1082880.01,-2074364.331,29.0690918,1,0
9218,Bore,CORK BARK WELL,,1/01/1979,1/01/1979,100,GEOSCIENCE AUSTRALIA,5/09/2006,,0,11,0,0,,0,0,0,0,0,0,-9999,-1094256.159,-2073892.946,28.11251831,1,0
227,Bore,BANNAMAH WELL,,1/01/1979,1/01/1979,100,GEOSCIENCE AUSTRALIA,5/09/2006,,0,11,0,0,,0,0,0,0,0,0,-9999,-1091518.478,-2073699.36,28.49661255,1,0
7319,Bore,WEST IMBADAH WELL,,1/01/1979,1/01/1979,100,GEOSCIENCE AUSTRALIA,5/09/2006,,0,11,0,0,,0,0,0,0,0,0,7,-1084575.937,-2073115.823,28.49661255,1,0
1641,Bore,AMBROOKAH WELL,,1/01/1979,1/01/1979,100,GEOSCIENCE AUSTRALIA,5/09/2006,,0,11,0,0,,0,0,0,0,0,0,7,-1088000.874,-2069899.789,28.49661255,1,0
10760,Bore,JOHN GLENN WELL,,1/01/1979,1/01/1979,100,GEOSCIENCE AUSTRALIA,5/09/2006,,0,11,0,0,,0,0,0,0,0,0,7,-1079958.238,-2069350.741,29.0690918,1,0
11722,Bore,GINGERS WELL,,1/01/1979,1/01/1979,100,GEOSCIENCE AUSTRALIA,5/09/2006,,0,11,0,0,,0,0,0,0,0,0,7,-1086993.22,-2067324.671,28.49661255,1,0
5950,Bore,WOBINAH WELL,,1/01/1979,1/01/1979,100,GEOSCIENCE AUSTRALIA,5/09/2006,,0,11,0,0,,0,0,0,0,0,0,7,-1089766.005,-2066506.122,28.49661255,1,0
9768,Bore,,,1/01/1979,1/01/1979,100,GEOSCIENCE AUSTRALIA,5/09/2006,,0,11,0,0,,0,0,0,0,0,0,7,-1051668.06,-2066376.767,30.72554398,1,0
17949,Bore,ALEX WELL,,1/01/1979,1/01/1979,100,GEOSCIENCE AUSTRALIA,5/09/2006,,0,11,0,0,,0,0,0,0,0,0,7,-1084885.565,-2062698.535,28.79813194,1,0
13012,Bore,EELWARINGAH WELL,,1/01/1979,1/01/1979,100,GEOSCIENCE AUSTRALIA,5/09/2006,,0,11,0,0,,0,0,0,0,0,0,7,-1086973.824,-2061158.506,28.79813194,1,0
3466,Windpump,CHINKAMUDDAGE WELL,,1/01/1979,1/01/1979,100,GEOSCIENCE AUSTRALIA,5/09/2006,,0,434,0,0,abandoned,0,0,0,0,0,0,7,-1076586.218,-2061066.071,29.25851631,1,0
12955,Bore,KITTYS BORE,,1/01/1979,1/01/1979,100,GEOSCIENCE AUSTRALIA,5/09/2006,,0,11,0,0,,0,0,0,0,0,0,7,-1088401.342,-2061002.916,28.79813194,1,0
34078,Water Tank,SHADDOCKS DAM,,1/01/1979,1/01/1979,100,GEOSCIENCE AUSTRALIA,5/09/2006,,0,86,0,0,,0,0,0,0,0,0,7,-1053581.637,-2060827.623,30.25289536,1,0
12268,Bore,EEGANHT WELL,,1/01/1979,1/01/1979,100,GEOSCIENCE AUSTRALIA,5/09/2006,,0,11,0,0,,0,0,0,0,0,0,7,-1084957.392,-2060601.033,28.79813194,1,0
0,,,,,,0,,,,0,0,0,0,,0,10999,1,0,0,0,8,-1086719.019,-2058915.491,28.79813194,0,0
3742,Bore,WIDDINGMARL WELL,,1/01/1979,1/01/1979,100,GEOSCIENCE AUSTRALIA,5/09/2006,,0,11,0,0,,0,0,0,0,0,0,8,-1081570.336,-2058291.751,29.25851631,1,0
9956,Bore,EUGARONGAH WELL,,1/01/1979,1/01/1979,100,GEOSCIENCE AUSTRALIA,5/09/2006,,0,11,0,0,,0,0,0,0,0,0,8,-1082888.035,-2056089.267,29.25851631,1,0
18534,Bore,EENDAH WELL,,1/01/1979,1/01/1979,100,GEOSCIENCE AUSTRALIA,5/09/2006,,0,11,0,0,,0,0,0,0,0,0,8,-1086147.066,-2054997.815,29.13516426,1,0
13896,Bore,QUOIMBEENAH WELL,,1/01/1979,1/01/1979,100,GEOSCIENCE AUSTRALIA,5/09/2006,,0,11,0,0,,0,0,0,0,0,0,8,-1079493.902,-2054530.184,29.49592781,1,0
8324,Windpump,LANGET WELL,,1/01/1979,1/01/1979,100,GEOSCIENCE AUSTRALIA,5/09/2006,,0,434,0,0,disused,0,0,0,0,0,0,8,-1075953.738,-2053690.207,29.49592781,1,0
19717,Bore,WARRALONG WELL,,1/01/1979,1/01/1979,100,GEOSCIENCE AUSTRALIA,5/09/2006,,0,11,0,0,,0,0,0,0,0,0,8,-1082367.102,-2053549.189,29.49592781,1,0
4236,Bore,,,1/01/1979,1/01/1979,100,GEOSCIENCE AUSTRALIA,5/09/2006,,0,11,0,0,,0,0,0,0,0,0,8,-1072373.317,-2053059.372,29.83255577,1,0
19077,Bore,CHARLIES BORE,,1/01/1979,1/01/1979,100,GEOSCIENCE AUSTRALIA,5/09/2006,,0,11,0,0,,0,0,0,0,0,0,7,-1045031.574,-2052838.178,30.82420731,1,0
688,Bore,,,1/01/1979,1/01/1979,100,GEOSCIENCE AUSTRALIA,5/09/2006,,0,11,0,0,,0,0,0,0,0,0,8,-1083934.009,-2052539.843,29.13516426,1,0
16945,Bore,CABBAGE GUM WELL,,1/01/1979,1/01/1979,100,GEOSCIENCE AUSTRALIA,5/09/2006,,0,11,0,0,,0,0,0,0,0,0,8,-1084155.453,-2051329.423,29.13516426,1,0
4605,Bore,BALLADONGA WELL,,1/01/1979,1/01/1979,100,GEOSCIENCE AUSTRALIA,5/09/2006,,0,11,0,0,,0,0,0,0,0,0,8,-1086479.809,-2051206.138,29.13516426,1,0
4936,Bore,DEEP WELL,,1/01/1979,1/01/1979,100,GEOSCIENCE AUSTRALIA,5/09/2006,,0,11,0,0,,0,0,0,0,0,0,8,-1079579.454,-2051031.206,29.49592781,1,0
17887,Water Tank,REDWING BORE,,1/01/1979,1/01/1979,100,GEOSCIENCE AUSTRALIA,5/09/2006,,0,86,0,0,,0,0,0,0,0,0,8,-1056043.506,-2050143.818,30.27697754,1,0
3599,Bore,MUNGULLY WELL,,1/01/1979,1/01/1979,100,GEOSCIENCE AUSTRALIA,5/09/2006,,0,11,0,0,disused,0,0,0,0,0,0,8,-1072343.309,-2048605.701,29.83255577,1,0
12951,Bore,BOSSUT WELL,,1/01/1979,1/01/1979,100,GEOSCIENCE AUSTRALIA,5/09/2006,,0,11,0,0,,0,0,0,0,0,0,8,-1085943.989,-2048514.773,29.13516426,1,0
3579,Bore,ERROLS (SEAVIEW) BORE,,1/01/1979,1/01/1979,100,GEOSCIENCE AUSTRALIA,5/09/2006,,0,11,0,0,,0,0,0,0,0,0,8,-1089379.398,-2047916.853,29.13516426,1,0
20530,Bore,,,1/01/1979,1/01/1979,100,GEOSCIENCE AUSTRALIA,5/09/2006,,0,11,0,0,,0,0,0,0,0,0,8,-1088350.28,-2047883.32,29.13516426,1,0
3523,Bore,ROLLAH WELL,,1/01/1979,1/01/1979,100,GEOSCIENCE AUSTRALIA,5/09/2006,,0,11,0,0,,0,0,0,0,0,0,8,-1083294.106,-2047185.609,29.13516426,1,0
2247,Bore,BILLABONG DAM,,1/01/1979,1/01/1979,100,GEOSCIENCE AUSTRALIA,5/09/2006,,0,11,0,0,,0,0,0,0,0,0,7,-1026014.544,-2044154.522,31.97393608,1,0
18852,Bore,BRIANS BORE,,1/01/1979,1/01/1979,100,GEOSCIENCE AUSTRALIA,5/09/2006,,0,11,0,0,,0,0,0,0,0,0,8,-1051070.44,-2041774.252,31.07469368,1,0
585,Water Tank,HERBS BORE,,1/01/1979,1/01/1979,100,GEOSCIENCE AUSTRALIA,5/09/2006,,0,86,0,0,,0,0,0,0,0,0,7,-1042019.431,-2041684.069,31.56328392,1,0
4004,Bore,,,1/01/1979,1/01/1979,100,GEOSCIENCE AUSTRALIA,5/09/2006,,0,11,0,0,,0,0,0,0,0,0,8,-1073849.592,-2039524.712,29.88814163,1,0
6180,Bore,LARRY INNES WELL,,1/01/1979,1/01/1979,100,GEOSCIENCE AUSTRALIA,5/09/2006,,0,11,0,0,disused,0,0,0,0,0,0,8,-1064375.517,-2038287.982,30.01322746,1,0
6404,Windpump,TIPS TANK,,1/01/1979,1/01/1979,100,GEOSCIENCE AUSTRALIA,5/09/2006,,0,434,0,0,,0,0,0,0,0,0,-9999,-1071363.707,-2036346.316,30.01322746,1,0
18723,Bore,GILBERTS BORE,,1/01/1979,1/01/1979,100,GEOSCIENCE AUSTRALIA,5/09/2006,,0,11,0,0,,0,0,0,0,0,0,8,-1036138.72,-2034215.873,31.85214996,1,0
0,,,,,,0,,,,0,0,0,0,,0,17909,1,0,0,0,0,-1074963.159,-2033814.931,29.82331467,0,0
21073,Water Tank,DONDIS DAM,,1/01/1979,1/01/1979,100,GEOSCIENCE AUSTRALIA,5/09/2006,,0,86,0,0,,0,0,0,0,0,0,8,-1022202.595,-2033790.775,32.86663437,1,0
0,,,,,,0,,,,0,0,0,0,,0,34150,1,0,0,0,0,-1074291.039,-2032413.24,29.82331467,0,0
8465,Windpump,,,1/01/1979,1/01/1979,100,GEOSCIENCE AUSTRALIA,5/09/2006,,0,434,0,0,,0,0,0,0,0,0,8,-1044625.275,-2031514.654,30.94505882,1,0
7205,Bore,SHALLOW BORE,,1/01/1979,1/01/1979,100,GEOSCIENCE AUSTRALIA,5/09/2006,,0,11,0,0,,0,0,0,0,0,0,8,-1064499.444,-2031397.241,29.99609375,1,0
13087,Water Tank,THE DAM,,1/01/1979,1/01/1979,100,GEOSCIENCE AUSTRALIA,5/09/2006,,0,86,0,0,,0,0,0,0,0,0,8,-1044703.042,-2029116.792,30.94505882,1,0
5708,Windpump,,,1/01/1979,1/01/1979,100,GEOSCIENCE AUSTRALIA,5/09/2006,,0,434,0,0,,0,0,0,0,0,0,8,-1052544.113,-2029001.061,30.94505882,1,0
4741,Windpump,INJUDINAH BORE,,1/01/1979,1/01/1979,100,GEOSCIENCE AUSTRALIA,5/09/2006,,0,434,0,0,,0,0,0,0,0,0,8,-1068735.743,-2027807.493,29.99609375,1,0
7570,Water Tank,,,1/01/1979,1/01/1979,100,GEOSCIENCE AUSTRALIA,5/09/2006,,0,86,0,0,,0,0,0,0,0,0,8,-1068932.31,-2026919.145,29.99609375,1,0
5533,Windpump,NIBRICA BORE,,1/01/1979,1/01/1979,100,GEOSCIENCE AUSTRALIA,5/09/2006,,0,434,0,0,disused,0,0,0,0,0,0,8,-1063337.322,-2026770.601,29.99609375,1,0
2452,Bore,NIBRICA WELL,,1/01/1979,1/01/1979,100,GEOSCIENCE AUSTRALIA,5/09/2006,,0,11,0,0,,0,0,0,0,0,0,8,-1061662.667,-2026592.48,30.22520065,1,0
5258,Bore,PINDAN WELL,,1/01/1979,1/01/1979,100,GEOSCIENCE AUSTRALIA,5/09/2006,,0,11,0,0,disused,0,0,0,0,0,0,8,-1058769.978,-2024535.081,30.548172,1,0
19860,Bore,WANGPOO BORE,,1/01/1979,1/01/1979,100,GEOSCIENCE AUSTRALIA,5/09/2006,,0,11,0,0,,0,0,0,0,0,0,8,-1035374.497,-2023463.449,31.92826653,1,0
8698,Bore,COOKIES BORE,,1/01/1979,1/01/1979,100,GEOSCIENCE AUSTRALIA,5/09/2006,,0,11,0,0,,0,0,0,0,0,0,8,-1044576.703,-2021662.562,31.09402847,1,0
47555,Water Tank,LOOROO WELL,,1/01/1979,1/01/1979,100,GEOSCIENCE AUSTRALIA,5/09/2006,,0,86,0,0,,0,0,0,0,0,0,-9999,-1069074.457,-2016440.791,30.38436699,1,0
3161,Windpump,,,1/01/1979,1/01/1979,100,GEOSCIENCE AUSTRALIA,5/09/2006,,0,434,0,0,,0,0,0,0,0,0,9,-1038642.778,-2009272.838,31.44536209,1,0
4259,Windpump,DEEP BORE,,1/01/1979,1/01/1979,100,GEOSCIENCE AUSTRALIA,5/09/2006,,0,434,0,0,disused,0,0,0,0,0,0,9,-1046588.445,-2007354.132,30.73125076,1,0
4623,Windpump,,,1/01/1979,1/01/1979,100,GEOSCIENCE AUSTRALIA,5/09/2006,,0,434,0,0,,0,0,0,0,0,0,9,-1046170.348,-2000042.028,30.43212318,1,0
9209,Windpump,YARDOOGARRA BORE,,1/01/1979,1/01/1979,100,GEOSCIENCE AUSTRALIA,5/09/2006,,0,434,0,0,,0,0,0,0,0,0,-9999,-1040485.986,-1996209.163,30.74983406,1,0
7061,Windpump,TOP BORE,,1/01/1979,1/01/1979,100,GEOSCIENCE AUSTRALIA,5/09/2006,,0,434,0,0,,0,0,0,0,0,0,9,-1022959.261,-1995446.38,31.33165741,1,0
9208,Windpump,GOLDWYER WELL,,1/01/1979,1/01/1979,100,GEOSCIENCE AUSTRALIA,5/09/2006,,0,434,0,0,,0,0,0,0,0,0,-9999,-1035111.688,-1995043.671,30.4558754,1,0
8928,Windpump,NO 12 BORE,,1/01/1979,1/01/1979,100,GEOSCIENCE AUSTRALIA,5/09/2006,,0,434,0,0,,0,0,0,0,0,0,-9999,-1032126.363,-1993351.317,30.74460602,1,0
13683,Bore,HILL TOP BORE,,1/01/1979,1/01/1979,100,GEOSCIENCE AUSTRALIA,5/09/2006,,0,11,0,0,,0,0,0,0,0,0,9,-1023303.667,-1991780.094,30.74460602,1,0
1370,Windpump,NO 25 BORE,,1/01/1979,1/01/1979,100,GEOSCIENCE AUSTRALIA,5/09/2006,,0,434,0,0,,0,0,0,0,0,0,9,-1018489.35,-1990383.063,31.33165741,1,0
0,,,,,,0,,,,0,0,0,0,,0,37526,2,0,0,0,0,-1035338.825,-1990314.434,30.4558754,0,0
3647,Bore,NO 11 BORE,,1/01/1979,1/01/1979,100,GEOSCIENCE AUSTRALIA,5/09/2006,,0,11,0,0,,0,0,0,0,0,0,-9999,-1031691.076,-1989697.74,30.74460602,1,0
0,,,,,,0,,,,0,0,0,0,,0,37526,1,0,0,0,0,-1034868.159,-1989445.065,30.4558754,0,0
0,,,,,,0,,,,0,0,0,0,,0,21090,1,0,0,0,0,-1033219.593,-1988398.725,30.4558754,0,0
8770,Bore,,,1/01/1979,1/01/1979,100,GEOSCIENCE AUSTRALIA,5/09/2006,,0,11,0,0,,0,0,0,0,0,0,9,-1013033.359,-1988179.845,31.68856812,1,0
0,,,,,,0,,,,0,0,0,0,,0,21090,2,0,0,0,0,-1033705.629,-1988047.718,30.4558754,0,0
0,,,,,,0,,,,0,0,0,0,,0,21904,1,0,0,0,0,-1033795.336,-1987665.395,30.4558754,0,0
8887,Bore,NO 8 WELL,,1/01/1979,1/01/1979,100,GEOSCIENCE AUSTRALIA,5/09/2006,,0,11,0,0,,0,0,0,0,0,0,9,-1021877.094,-1985820.456,31.33165741,1,0
5204,Windpump,NO 9 BORE,,1/01/1979,1/01/1979,100,GEOSCIENCE AUSTRALIA,5/09/2006,,0,434,0,0,,0,0,0,0,0,0,9,-1026416.062,-1985537.025,30.66445923,1,0
15927,Bore,BLOODWOOD BORE,,1/01/1979,1/01/1979,100,GEOSCIENCE AUSTRALIA,5/09/2006,,0,11,0,0,,0,0,0,0,0,0,9,-1014309.079,-1984624.156,30.87203598,1,0
0,,,,,,0,,,,0,0,0,0,,0,454,1,0,0,0,9,-1030057.642,-1983170.644,30.66445923,0,0
0,,,,,,0,,,,0,0,0,0,,0,40658,1,0,0,0,9,-1029287.227,-1982803.002,30.66445923,0,0
5497,Windpump,NO 22 BORE,,1/01/1979,1/01/1979,100,GEOSCIENCE AUSTRALIA,5/09/2006,,0,434,0,0,,0,0,0,0,0,0,9,-1006238.054,-1981125.894,31.44036484,1,0
0,,,,,,0,,,,0,0,0,0,,0,37206,1,0,0,0,9,-1022843.204,-1980594.131,30.87203598,0,0
0,,,,,,0,,,,0,0,0,0,,0,35343,1,0,0,0,9,-1023381.991,-1980133.103,30.66445923,0,0
0,,,,,,0,,,,0,0,0,0,,0,1555,1,0,0,0,9,-1023544.59,-1980128.798,30.66445923,0,0
8703,Windpump,RINGERS BORE,,1/01/1979,1/01/1979,100,GEOSCIENCE AUSTRALIA,5/09/2006,,0,434,0,0,,0,0,0,0,0,0,9,-998787.8877,-1978789.303,32.01622009,1,0
0,,,,,,0,,,,0,0,0,0,,0,165,1,0,0,0,0,-1021142.714,-1978080.961,30.87203598,0,0
1996,Windpump,NO 1 BORE,,1/01/1979,1/01/1979,100,GEOSCIENCE AUSTRALIA,5/09/2006,,0,434,0,0,,0,0,0,0,0,0,-9999,-1017041.657,-1978029.513,30.87203598,1,0
9103,Windpump,RIG BORE,,1/01/1979,1/01/1979,100,GEOSCIENCE AUSTRALIA,5/09/2006,,0,434,0,0,abandoned,0,0,0,0,0,0,9,-1008391.905,-1976686.553,31.44036484,1,0
4190,Windpump,NO 2 BORE,,1/01/1979,1/01/1979,100,GEOSCIENCE AUSTRALIA,5/09/2006,,0,434,0,0,,0,0,0,0,0,0,-9999,-1015118.345,-1975301.762,30.89146233,1,0
0,,,,,,0,,,,0,0,0,0,,0,19684,1,0,0,0,0,-1018334.22,-1975255.687,30.89146233,0,0
0,,,,,,0,,,,0,0,0,0,,0,11291,1,0,0,0,0,-1017661.669,-1973990.189,30.89146233,0,0
0,,,,,,0,,,,0,0,0,0,,0,23058,1,0,0,0,0,-1017366.619,-1973541.559,30.89146233,0,0
7639,Windpump,FLY FLAT BORE,,1/01/1979,1/01/1979,100,GEOSCIENCE AUSTRALIA,5/09/2006,,0,434,0,0,,0,0,0,0,0,0,9,-998734.1435,-1973403.763,31.82494736,1,0
2279,Bore,NO 3 BORE,,1/01/1979,1/01/1979,100,GEOSCIENCE AUSTRALIA,5/09/2006,,0,11,0,0,,0,0,0,0,0,0,-9999,-1012183.319,-1972598.418,31.03333282,1,0
55271,Water Tank,,,1/01/1979,1/01/1979,100,GEOSCIENCE AUSTRALIA,5/09/2006,,0,86,0,0,,0,0,0,0,0,0,8,-985055.2944,-1972262.855,32.19816971,1,0
0,,,,,,0,,,,0,0,0,0,,0,13168,1,0,0,0,0,-1017515.406,-1972006.175,30.89146233,0,0
12290,Pool,,,1/01/1979,1/01/1979,100,GEOSCIENCE AUSTRALIA,5/09/2006,,0,82,0,0,pool,0,0,0,0,0,0,9,-1003062.32,-1971509.184,31.82494736,1,0
0,,,,,,0,,,,0,0,0,0,,0,33170,1,0,0,0,0,-1016411.704,-1971275.641,30.89146233,0,0
0,,,,,,0,,,,0,0,0,0,,0,19362,1,0,0,0,0,-1016357.55,-1971191.621,30.89146233,0,0
0,,,,,,0,,,,0,0,0,0,,0,28081,1,0,0,0,0,-1016762.408,-1970973.459,30.89146233,0,0
7114,Windpump,NO 4 BORE,,1/01/1979,1/01/1979,100,GEOSCIENCE AUSTRALIA,5/09/2006,,0,434,0,0,,0,0,0,0,0,0,9,-1009393.374,-1970450.791,31.03333282,1,0
932,Bore,NO 5 BORE,,1/01/1979,1/01/1979,100,GEOSCIENCE AUSTRALIA,5/09/2006,,0,11,0,0,,0,0,0,0,0,0,9,-1006192.956,-1969909.591,31.03333282,1,0
0,,,,,,0,,,,0,0,0,0,,0,34149,1,0,0,0,0,-1017135.733,-1969626.072,30.89146233,0,0
0,,,,,,0,,,,0,0,0,0,,0,30652,1,0,0,0,0,-1017509.763,-1969254.627,30.89146233,0,0
4740,Windpump,NO 6 BORE,,1/01/1979,1/01/1979,100,GEOSCIENCE AUSTRALIA,5/09/2006,,0,434,0,0,abandoned,0,0,0,0,0,0,9,-1002936.126,-1968826.565,31.82494736,1,0
0,,,,,,0,,,,0,0,0,0,,0,24342,1,0,0,0,0,-1017154.76,-1968318.614,30.89146233,0,0
0,,,,,,0,,,,0,0,0,0,,0,39981,1,0,0,0,0,-1016638.956,-1968289.705,30.89146233,0,0
0,,,,,,0,,,,0,0,0,0,,0,20123,1,0,0,0,0,-1016147.676,-1968259.334,30.89146233,0,0
0,,,,,,0,,,,0,0,0,0,,0,37615,1,0,0,0,0,-1017244.355,-1968172.171,30.89146233,0,0
0,,,,,,0,,,,0,0,0,0,,0,18689,1,0,0,0,0,-1017119.925,-1966838.396,30.89146233,0,0
0,,,,,,0,,,,0,0,0,0,,0,7226,1,0,0,0,0,-1017195.603,-1966186.92,30.89146233,0,0
0,,,,,,0,,,,0,0,0,0,,0,23250,1,0,0,0,0,-1017565.215,-1965354.485,31.08853531,0,0
217,Bore,FRASER LAKE BORE,,1/01/1979,1/01/1979,100,GEOSCIENCE AUSTRALIA,5/09/2006,,0,11,0,0,,0,0,0,0,0,0,8,-985265.0473,-1964846.532,31.64792442,1,0
0,,,,,,0,,,,0,0,0,0,,0,33210,1,0,0,0,0,-1017538.666,-1964608.736,31.08853531,0,0
0,,,,,,0,,,,0,0,0,0,,0,33210,2,0,0,0,0,-1016549.949,-1964490.984,31.08853531,0,0
3160,Windpump,MCGREGORS BORE,,1/01/1979,1/01/1979,100,GEOSCIENCE AUSTRALIA,5/09/2006,,0,434,0,0,,0,0,0,0,0,0,8,-975356.1761,-1964430.442,32.32478714,1,0
5283,Windpump,CHAIN PUMP BORE,,1/01/1979,1/01/1979,100,GEOSCIENCE AUSTRALIA,5/09/2006,,0,434,0,0,,0,0,0,0,0,0,9,-1001597.739,-1963784.089,31.37767792,1,0
3730,Pool,,,1/01/1970,1/01/1970,100,GEOSCIENCE AUSTRALIA,5/09/2006,,0,82,0,0,pool,0,0,0,0,0,0,8,-924418.7664,-1963482.275,33.7440834,1,1
0,,,,,,0,,,,0,0,0,0,,0,1955,1,0,0,0,0,-1017755.877,-1963376.328,31.08853531,0,0
0,,,,,,0,,,,0,0,0,0,,0,17058,1,0,0,0,0,-1017923.667,-1962869.5,31.08853531,0,0
7031,Windpump,COOMACOP BORE,,1/01/1979,1/01/1979,100,GEOSCIENCE AUSTRALIA,5/09/2006,,0,434,0,0,,0,0,0,0,0,0,9,-999680.1748,-1962241.092,31.37767792,1,0
0,,,,,,0,,,,0,0,0,0,,0,39018,1,0,0,0,0,-1018296.615,-1961698.849,31.08853531,0,0
0,,,,,,0,,,,0,0,0,0,,0,14839,1,0,0,0,0,-1017518.43,-1961653.452,31.08853531,0,0
20111,Bore,CLARKSONS BORE,,1/01/1979,1/01/1979,100,GEOSCIENCE AUSTRALIA,5/09/2006,,0,11,0,0,,0,0,0,0,0,0,9,-1008082.458,-1961437.872,31.20285797,1,0
41027,Water Tank,,,1/01/1970,1/01/1970,100,GEOSCIENCE AUSTRALIA,5/09/2006,,0,86,0,0,,0,0,0,0,0,0,8,-936737.8926,-1961227.298,33.5473175,1,1
15044,Bore,,,1/01/1979,1/01/1979,100,GEOSCIENCE AUSTRALIA,5/09/2006,,0,11,0,0,,0,0,0,0,0,0,9,-1002488.694,-1961137.589,31.37767792,1,0
4773,Windpump,SHEEP CAMP BORE,,1/01/1979,1/01/1979,100,GEOSCIENCE AUSTRALIA,5/09/2006,,0,434,0,0,,0,0,0,0,0,0,9,-995658.2761,-1960604.027,31.37767792,1,0
3238,Windpump,OVERFLOW BORE,,1/01/1979,1/01/1979,100,GEOSCIENCE AUSTRALIA,5/09/2006,,0,434,0,0,,0,0,0,0,0,0,8,-989589.0238,-1960187.462,31.64792442,1,0
0,,,,,,0,,,,0,0,0,0,,0,27632,1,0,0,0,0,-1018276.275,-1959576.192,31.08853531,0,0
0,,,,,,0,,,,0,0,0,0,,0,2801,1,0,0,0,0,-1018133.157,-1959417.772,31.08853531,0,0
9604,Windpump,RAM PADDOCK WELL,,1/01/1979,1/01/1979,100,GEOSCIENCE AUSTRALIA,5/09/2006,,0,434,0,0,,0,0,0,0,0,0,9,-994368.8077,-1959270.352,31.37767792,1,0
3996,Windpump,WAROMBERNI BORE,,1/01/1979,1/01/1979,100,GEOSCIENCE AUSTRALIA,5/09/2006,,0,434,0,0,,0,0,0,0,0,0,8,-985311.1898,-1957426.238,31.64792442,1,1
2540,Water Tank,,,1/01/1979,1/01/1979,100,GEOSCIENCE AUSTRALIA,5/09/2006,,0,86,0,0,,0,0,0,0,0,0,9,-1009445.483,-1957128.011,31.20285797,1,1
107,Windpump,BERNIS BORE,,1/01/1979,1/01/1979,100,GEOSCIENCE AUSTRALIA,5/09/2006,,0,434,0,0,,0,0,0,0,0,0,8,-987956.9683,-1957085.894,31.64792442,1,1
43201,Water Tank,BLUE HOLE DAM,,1/01/1970,1/01/1970,100,GEOSCIENCE AUSTRALIA,5/09/2006,,0,86,0,0,,0,0,0,0,0,0,9,-927447.0759,-1955891.001,33.7440834,1,1
39211,Water Tank,,,1/01/1979,1/01/1979,100,GEOSCIENCE AUSTRALIA,5/09/2006,,0,86,0,0,,0,0,0,0,0,0,9,-1000973.312,-1955441.577,31.6929493,1,1
18326,Water Tank,COCKLE WELL,,1/01/1979,1/01/1979,100,GEOSCIENCE AUSTRALIA,5/09/2006,,0,86,0,0,disused,0,0,0,0,0,0,9,-1019420.168,-1953725.97,31.61017799,1,1
49687,Water Tank,,,1/01/1979,1/01/1979,100,GEOSCIENCE AUSTRALIA,5/09/2006,,0,86,0,0,,0,0,0,0,0,0,9,-1011475.256,-1953302.537,31.74942398,1,1
14104,Bore,PATERSONS WELL,,1/01/1979,1/01/1979,100,GEOSCIENCE AUSTRALIA,5/09/2006,,0,11,0,0,,0,0,0,0,0,0,9,-1029262.985,-1953093.422,31.74538422,1,1
4016,Windpump,JERRICOP BORE,,1/01/1979,1/01/1979,100,GEOSCIENCE AUSTRALIA,5/09/2006,,0,434,0,0,,0,0,0,0,0,0,8,-984647.2519,-1953091.121,31.73527718,1,1
2613,Windpump,TAGARANA BORE,,1/01/1979,1/01/1979,100,GEOSCIENCE AUSTRALIA,5/09/2006,,0,434,0,0,,0,0,0,0,0,0,9,-1021796.103,-1953011.136,31.61017799,1,1
7492,Water Tank,,,1/01/1979,1/01/1979,100,GEOSCIENCE AUSTRALIA,5/09/2006,,0,86,0,0,,0,0,0,0,0,0,-9999,-1034931.003,-1952648.921,31.17819023,1,1
52455,Water Tank,,,1/01/1979,1/01/1979,100,GEOSCIENCE AUSTRALIA,5/09/2006,,0,86,0,0,,0,0,0,0,0,0,9,-997810.4071,-1952417.627,31.6929493,1,1
6638,Windpump,UNGANI BORE,,1/01/1979,1/01/1979,100,GEOSCIENCE AUSTRALIA,5/09/2006,,0,434,0,0,in disrepair,0,0,0,0,0,0,8,-981014.4449,-1951994.444,32.17137909,1,1
20477,Water Tank,,,1/01/1979,1/01/1979,100,GEOSCIENCE AUSTRALIA,5/09/2006,,0,86,0,0,,0,0,0,0,0,0,8,-987973.5231,-1951795.126,31.73527718,1,1
44465,Water Tank,,,1/01/1979,1/01/1979,100,GEOSCIENCE AUSTRALIA,5/09/2006,,0,86,0,0,,0,0,0,0,0,0,8,-987663.3805,-1951706.968,31.73527718,1,1
7175,Windpump,CHARLIES BORE,,1/01/1979,1/01/1979,100,GEOSCIENCE AUSTRALIA,5/09/2006,,0,434,0,0,,0,0,0,0,0,0,9,-1010307.306,-1950834.792,31.74942398,1,1
10053,Bore,COW BORE,,1/01/1979,1/01/1979,100,GEOSCIENCE AUSTRALIA,5/09/2006,,0,11,0,0,,0,0,0,0,0,0,9,-1006525.712,-1950798.686,31.74942398,1,1
106,Windpump,NEW POLLYS BORE,,1/01/1979,1/01/1979,100,GEOSCIENCE AUSTRALIA,5/09/2006,,0,434,0,0,,0,0,0,0,0,0,9,-1012717.283,-1950782.317,31.74942398,1,1
20174,Water Tank,,,1/01/1979,1/01/1979,100,GEOSCIENCE AUSTRALIA,5/09/2006,,0,86,0,0,,0,0,0,0,0,0,8,-965038.7801,-1950717.675,32.6820755,1,1
5885,Windpump,GURUMBUL BORE,,1/01/1979,1/01/1979,100,GEOSCIENCE AUSTRALIA,5/09/2006,,0,434,0,0,,0,0,0,0,0,0,9,-1014790.275,-1950590.642,31.61017799,1,1
2480,Bore,HAYS BORE,,1/01/1979,1/01/1979,100,GEOSCIENCE AUSTRALIA,5/09/2006,,0,11,0,0,,0,0,0,0,0,0,9,-1008620.894,-1950534.489,31.74942398,1,1
34477,Water Tank,,,1/01/1979,1/01/1979,100,GEOSCIENCE AUSTRALIA,5/09/2006,,0,86,0,0,,0,0,0,0,0,0,9,-997329.7901,-1950409.211,31.6929493,1,1
1086,Windpump,DUNCAN BORE,,1/01/1979,1/01/1979,100,GEOSCIENCE AUSTRALIA,5/09/2006,,0,434,0,0,,0,0,0,0,0,0,-9999,-1031640.247,-1950314.024,31.74538422,1,1
1028,Windpump,GOVERNMENT COW BORE,,1/01/1979,1/01/1979,100,GEOSCIENCE AUSTRALIA,5/09/2006,,0,434,0,0,,0,0,0,0,0,0,9,-1004550.277,-1949983.573,31.74942398,1,1
55161,Water Tank,,,1/01/1970,1/01/1970,100,GEOSCIENCE AUSTRALIA,5/09/2006,,0,86,0,0,,0,0,0,0,0,0,8,-945228.0317,-1949873.174,33.35151291,1,1
31478,Water Tank,,,1/01/1979,1/01/1979,100,GEOSCIENCE AUSTRALIA,5/09/2006,,0,86,0,0,disused,0,0,0,0,0,0,9,-1003959.915,-1949662.263,31.74942398,1,1
36915,Water Tank,DIANNE'S DAM,,1/01/1970,1/01/1970,100,GEOSCIENCE AUSTRALIA,5/09/2006,,0,86,0,0,,0,0,0,0,0,0,8,-934935.2631,-1949471.616,33.8073082,1,1
3558,Windpump,KURRAJONG BORE,,1/01/1979,1/01/1979,100,GEOSCIENCE AUSTRALIA,5/09/2006,,0,434,0,0,,0,0,0,0,0,0,8,-963371.0148,-1949453.624,32.6820755,1,1
133,Windpump,BULL GATE BORE,,1/01/1979,1/01/1979,100,GEOSCIENCE AUSTRALIA,5/09/2006,,0,434,0,0,,0,0,0,0,0,0,9,-1010789.615,-1948167.852,31.74942398,1,1
48070,Water Tank,,,1/01/1979,1/01/1979,100,GEOSCIENCE AUSTRALIA,5/09/2006,,0,86,0,0,disused,0,0,0,0,0,0,9,-1002801.731,-1947856.368,31.6929493,1,1
42290,Water Tank,,,1/01/1979,1/01/1979,100,GEOSCIENCE AUSTRALIA,5/09/2006,,0,86,0,0,abandoned,0,0,0,0,0,0,-9999,-1034582.656,-1947345.435,31.17819023,1,1
5389,Bore,,,1/01/1970,1/01/1970,100,GEOSCIENCE AUSTRALIA,5/09/2006,,0,11,0,0,,0,0,0,0,0,0,8,-952476.7387,-1947345.118,33.35151291,1,1
50879,Water Tank,,,1/01/1979,1/01/1979,100,GEOSCIENCE AUSTRALIA,5/09/2006,,0,86,0,0,water treatment plant reservoir,0,0,0,0,0,0,9,-1027821.912,-1947074.434,31.74538422,1,1
1027,Windpump,,,1/01/1979,1/01/1979,100,GEOSCIENCE AUSTRALIA,5/09/2006,,0,434,0,0,,0,0,0,0,0,0,9,-1028393.859,-1946726.277,31.74538422,1,1
18018,Bore,EAST HOLE BORE,,1/01/1979,1/01/1979,100,GEOSCIENCE AUSTRALIA,5/09/2006,,0,11,0,0,,0,0,0,0,0,0,8,-973117.4071,-1946145.26,32.17137909,1,1
78529,Lake,LAKE EDA,Perennial,20020913,20020913,100,GEOSCIENCE AUSTRALIA,5/09/2006,,3550906,10,0,0,,0,0,0,0.017693048,1.92893E-05,16148,8,-990224.2453,-1946138.562,31.73527718,0,1
20607,Bore,BUCKLEYS BORE,,1/01/1979,1/01/1979,100,GEOSCIENCE AUSTRALIA,5/09/2006,,0,11,0,0,,0,0,0,0,0,0,-9999,-1034949.72,-1946051.971,31.17819023,1,1
2587,Windpump,GOODJARA BORE,,1/01/1979,1/01/1979,100,GEOSCIENCE AUSTRALIA,5/09/2006,,0,434,0,0,disused,0,0,0,0,0,0,-9999,-1032472.834,-1945401.914,31.88743019,1,1
5594,Windpump,SEVEN MILE BORE,,1/01/1979,1/01/1979,100,GEOSCIENCE AUSTRALIA,5/09/2006,,0,434,0,0,disused,0,0,0,0,0,0,9,-1000611.78,-1944734.914,32.3258934,1,1
2917,Windpump,NEW SEVEN MILE BORE,,1/01/1979,1/01/1979,100,GEOSCIENCE AUSTRALIA,5/09/2006,,0,434,0,0,,0,0,0,0,0,0,9,-1002774.895,-1944423.809,32.3258934,1,1
6276,Windpump,LOWER LOOMINGGUM BORE,,1/01/1979,1/01/1979,100,GEOSCIENCE AUSTRALIA,5/09/2006,,0,434,0,0,,0,0,0,0,0,0,9,-996648.5325,-1943440.106,32.3258934,1,1
16252,Water Tank,DEEP CREEK BORE,,1/01/1979,1/01/1979,100,GEOSCIENCE AUSTRALIA,5/09/2006,,0,86,0,0,,0,0,0,0,0,0,8,-982337.7774,-1942370.829,32.36680222,1,1
13437,Bore,,,1/01/1979,1/01/1979,100,GEOSCIENCE AUSTRALIA,5/09/2006,,0,11,0,0,,0,0,0,0,0,0,-9999,-1036896.432,-1942135.766,31.37695694,1,1
12632,Bore,BARLEE SPRING BORE,,1/01/1979,1/01/1979,100,GEOSCIENCE AUSTRALIA,5/09/2006,,0,11,0,0,disused,0,0,0,0,0,0,9,-999104.9925,-1941850.978,32.3258934,1,1
2234,Windpump,POINCIANA WELL,,1/01/1979,1/01/1979,100,GEOSCIENCE AUSTRALIA,5/09/2006,,0,434,0,0,,0,0,0,0,0,0,-9999,-1037379.219,-1941389.506,31.37695694,1,1
6266,Windpump,BOHEMIA BORE,,1/01/1979,1/01/1979,100,GEOSCIENCE AUSTRALIA,5/09/2006,,0,434,0,0,,0,0,0,0,0,0,8,-964406.7585,-1941208.749,32.76844025,1,1
75274,Lake,LAKE CAMPION,Perennial,20020913,20020913,100,GEOSCIENCE AUSTRALIA,5/09/2006,,3541696,10,0,0,,0,0,0,0.015906369,9.94855E-06,15490,8,-980776.3279,-1940991.204,32.36680222,0,1
348,Windpump,UPPER LOOMINGGUM BORE,,1/01/1979,1/01/1979,100,GEOSCIENCE AUSTRALIA,5/09/2006,,0,434,0,0,,0,0,0,0,0,0,9,-992127.1489,-1940485.927,32.15911865,1,1
9717,Windpump,LAKE CAMPION BORE,,1/01/1979,1/01/1979,100,GEOSCIENCE AUSTRALIA,5/09/2006,,0,434,0,0,disused,0,0,0,0,0,0,8,-981039.8669,-1940305.33,32.36680222,1,1
4714,Bore,,,1/01/1979,1/01/1979,100,GEOSCIENCE AUSTRALIA,5/09/2006,,0,11,0,0,,0,0,0,0,0,0,-9999,-1035075.312,-1939164.727,31.37695694,1,1
51405,Water Tank,,,1/01/1979,1/01/1979,100,GEOSCIENCE AUSTRALIA,5/09/2006,,0,86,0,0,,0,0,0,0,0,0,9,-985336.6286,-1938887.552,32.15911865,1,1
5486,Windpump,TWO WELLS,,1/01/1979,1/01/1979,100,GEOSCIENCE AUSTRALIA,5/09/2006,,0,434,0,0,,0,0,0,0,0,0,-9999,-1034681.123,-1938866.056,31.37695694,1,1
6714,Soak,HORSEWATER SOAK,,1/01/1979,1/01/1979,100,GEOSCIENCE AUSTRALIA,5/09/2006,,0,82,0,0,,0,0,0,0,0,0,-9999,-1037800.369,-1937456.642,31.37695694,1,1
5854,Water Tank,NO 10 BORE,,1/01/1979,1/01/1979,100,GEOSCIENCE AUSTRALIA,5/09/2006,,0,86,0,0,,0,0,0,0,0,0,9,-1029859.469,-1937413.869,31.88743019,1,1
1887,Pool,NIMALAICA CLAYPAN,,1/01/1979,1/01/1979,100,GEOSCIENCE AUSTRALIA,5/09/2006,,0,82,0,0,,0,0,0,0,0,0,-9999,-1032918.884,-1937047.177,31.88743019,1,1
3,Water Tank,,,1/01/1979,1/01/1979,100,GEOSCIENCE AUSTRALIA,5/09/2006,,0,86,0,0,,0,0,0,0,0,0,9,-1028000.296,-1936383.737,31.88743019,1,1
10642,Water Tank,,,1/01/1979,1/01/1979,100,GEOSCIENCE AUSTRALIA,5/09/2006,,0,86,0,0,,0,0,0,0,0,0,9,-977380.2914,-1934851.479,32.98545837,1,1
8300,Bore,BLACK TANK,,1/01/1979,1/01/1979,100,GEOSCIENCE AUSTRALIA,5/09/2006,,0,11,0,0,disused,0,0,0,0,0,0,-9999,-1030792.911,-1934340.072,32.75083923,1,1
41483,Water Tank,,,1/01/1970,1/01/1970,100,GEOSCIENCE AUSTRALIA,5/09/2006,,0,86,0,0,,0,0,0,0,0,0,9,-918665.2141,-1933170.18,34.31664276,1,1
28650,Water Tank,,,1/01/1979,1/01/1979,100,GEOSCIENCE AUSTRALIA,5/09/2006,,0,86,0,0,,0,0,0,0,0,0,9,-971008.4382,-1932483.637,33.30640411,1,1
8312,Windpump,NO 4 BORE,,1/01/1979,1/01/1979,100,GEOSCIENCE AUSTRALIA,5/09/2006,,0,434,0,0,,0,0,0,0,0,0,-9999,-1037413.588,-1932179.814,31.76910782,1,1
105,Windpump,TAYLORS LAGOON BORE,,1/01/1979,1/01/1979,100,GEOSCIENCE AUSTRALIA,5/09/2006,,0,434,0,0,,0,0,0,0,0,0,8,-966607.8086,-1931920.995,33.30640411,1,1
23621,Water Tank,,,1/01/1979,1/01/1979,100,GEOSCIENCE AUSTRALIA,5/09/2006,,0,86,0,0,disused,0,0,0,0,0,0,9,-972092.8716,-1931899.497,33.30640411,1,1
26403,Lake,COLLINS LAGOON,Perennial,20020913,20020913,100,GEOSCIENCE AUSTRALIA,5/09/2006,,3533320,10,0,0,,0,0,0,0.008920614,5.1208E-06,5986,8,-969487.6861,-1931745.416,33.30640411,0,1
54570,Water Tank,,,1/01/1979,1/01/1979,100,GEOSCIENCE AUSTRALIA,5/09/2006,,0,86,0,0,,0,0,0,0,0,0,8,-961162.258,-1931346.476,34.09277344,1,1
2916,Windpump,YULLEROO WELL,,1/01/1979,1/01/1979,100,GEOSCIENCE AUSTRALIA,5/09/2006,,0,434,0,0,,0,0,0,0,0,0,8,-960825.5919,-1931159.536,34.09277344,1,1
21893,Water Tank,,,1/01/1979,1/01/1979,100,GEOSCIENCE AUSTRALIA,5/09/2006,,0,86,0,0,,0,0,0,0,0,0,8,-964294.9579,-1930435.101,33.30640411,1,1
64656,Lake,DINGO HOLE DAM,Perennial,11/03/2000,11/03/2000,100,GEOSCIENCE AUSTRALIA,5/09/2006,,3588909,10,0,0,,0,0,0,0.008163842,2.6612E-06,13312,9,-938974.7747,-1928360.231,34.10754776,0,1
8714,Windpump,WIBAJABA WELL,,1/01/1979,1/01/1979,100,GEOSCIENCE AUSTRALIA,5/09/2006,,0,434,0,0,,0,0,0,0,0,0,-9999,-1038018.091,-1927812.702,31.76910782,1,1
11943,Water Tank,,,1/01/1979,1/01/1979,100,GEOSCIENCE AUSTRALIA,5/09/2006,,0,86,0,0,,0,0,0,0,0,0,9,-985070.0777,-1925580.643,32.86504745,1,1
7440,Windpump,COLLINS BORE,,1/01/1979,1/01/1979,100,GEOSCIENCE AUSTRALIA,5/09/2006,,0,434,0,0,disused,0,0,0,0,0,0,9,-972074.0241,-1925011.93,34.28161621,1,1
0,,,,,,0,,,,0,0,0,0,,0,36430,2,0,0,0,0,-1039662.101,-1924797.069,32.52642822,0,1
0,,,,,,0,,,,0,0,0,0,,0,36430,1,0,0,0,0,-1040371.35,-1924726.089,32.52642822,0,1
2027,Windpump,BARRED CREEK BORE,,1/01/1979,1/01/1979,100,GEOSCIENCE AUSTRALIA,5/09/2006,,0,434,0,0,,0,0,0,0,0,0,-9999,-1039345.871,-1924681.641,32.52642822,1,1
0,,,,,,0,,,,0,0,0,0,,0,35529,1,0,0,0,0,-1041071.182,-1924642.406,32.52642822,0,1
6216,Windpump,HOME BORE,,1/01/1979,1/01/1979,100,GEOSCIENCE AUSTRALIA,5/09/2006,,0,434,0,0,,0,0,0,0,0,0,9,-985391.0222,-1924506.259,33.87284851,1,1
5884,Windpump,ANDYS BORE,,1/01/1979,1/01/1979,100,GEOSCIENCE AUSTRALIA,5/09/2006,,0,434,0,0,disused,0,0,0,0,0,0,9,-994866.163,-1923801.502,34.25873947,1,1
5418,Windpump,GROTTE BORE,,1/01/1979,1/01/1979,100,GEOSCIENCE AUSTRALIA,5/09/2006,,0,434,0,0,,0,0,0,0,0,0,-9999,-1032977.551,-1922774.339,34.09727478,1,1
4126,Water Tank,,,1/01/1979,1/01/1979,100,GEOSCIENCE AUSTRALIA,5/09/2006,,0,86,0,0,,0,0,0,0,0,0,9,-985066.4001,-1922634.235,33.87284851,1,1
18112,Water Tank,,,1/01/1979,1/01/1979,100,GEOSCIENCE AUSTRALIA,5/09/2006,,0,86,0,0,,0,0,0,0,0,0,8,-956198.2788,-1922360.443,34.72808456,1,1
12413,Bore,NO 3 BORE,,1/01/1979,1/01/1979,100,GEOSCIENCE AUSTRALIA,5/09/2006,,0,11,0,0,,0,0,0,0,0,0,9,-975306.1211,-1922076.82,33.98740768,1,1
12938,Bore,,,1/01/1979,1/01/1979,100,GEOSCIENCE AUSTRALIA,5/09/2006,,0,11,0,0,,0,0,0,0,0,0,-9999,-1041148.119,-1921455.457,32.52642822,1,1
35334,Water Tank,,,1/01/1979,1/01/1979,100,GEOSCIENCE AUSTRALIA,5/09/2006,,0,86,0,0,abandoned,0,0,0,0,0,0,-9999,-1041123.405,-1921139.716,32.52642822,1,1
9220,Water Tank,,,1/01/1970,1/01/1970,100,GEOSCIENCE AUSTRALIA,5/09/2006,,0,86,0,0,,0,0,0,0,0,0,9,-918874.5912,-1920631.216,34.11927414,1,1
1070,Bore,LOGUE FLOWING BORE,,1/01/1970,1/01/1970,100,GEOSCIENCE AUSTRALIA,5/09/2006,,0,11,0,0,,0,0,0,0,0,0,9,-919158.9044,-1920534.136,34.11927414,1,1
962,Windpump,ORANGE FLAT BORE,,1/01/1970,1/01/1970,100,GEOSCIENCE AUSTRALIA,5/09/2006,,0,434,0,0,,0,0,0,0,0,0,9,-927814.769,-1919426.665,34.13616943,1,1
3668,Water Tank,,,1/01/1970,1/01/1970,100,GEOSCIENCE AUSTRALIA,5/09/2006,,0,86,0,0,,0,0,0,0,0,0,9,-944822.4069,-1918655.752,34.82432556,1,1
50947,Water Tank,,,1/01/1979,1/01/1979,100,GEOSCIENCE AUSTRALIA,5/09/2006,,0,86,0,0,,0,0,0,0,0,0,8,-956245.9228,-1917498.189,34.72808456,1,1
1368,Windpump,NILLI BUBBACA WELL,,1/01/1970,1/01/1970,100,GEOSCIENCE AUSTRALIA,5/09/2006,,0,434,0,0,,0,0,0,0,0,0,9,-937156.9241,-1914586.909,34.99607849,1,1
591,Pool,,,1/01/1979,1/01/1979,100,GEOSCIENCE AUSTRALIA,5/09/2006,,0,82,0,0,pool,0,0,0,0,0,0,9,-985552.1776,-1914177.227,35.11270523,1,1
25761,Water Tank,TOP TANK,,1/01/1979,1/01/1979,100,GEOSCIENCE AUSTRALIA,5/09/2006,,0,86,0,0,,0,0,0,0,0,0,7,-1105484.121,-2116701.763,25.94765854,1,0
